"sample_id","year","plot","point","system","zone","crop","plowing","superficial_tillage","tillage_intensity","ferti_n","ferti_pk","soil_type","resist_pc1","sequencing_depth","total_reads","richness","nitrospira_reads","nitrosospira_reads","methylobacter_reads","actinobacteriota_reads","tillage","methylobacter_present","nitrospira_rel","methylobacter_rel","actinobacteriota_rel","baseline_year"
"2019-45",2019,"P47","S_5/8","TS1","TS","Ble_H","Yes","Yes","D","Yes","No","8",4.93738277096915,17604,17604,2421,193,46,0,4724,"Tilled",0,0.0109634174051352,0,0.268348102703931,FALSE
"2019-69",2019,"P1","S_6/6","TS1","MIX","Ble_H","Yes","Yes","D","Yes","No","2",0.0740998464085036,14240,14240,2408,197,11,0,3292,"Tilled",0,0.0138342696629213,0,0.231179775280899,FALSE
"2020-93",2020,"P26","S_3/5","SD2","SD","Ble_H","No","Yes","B","Yes","No","7",1.78005891514909,26583,26583,2760,328,56,0,7070,"No-till",0,0.0123387127111312,0,0.26595944776737,FALSE
"2018-54",2018,"P23","S_4/5","SD2","SD","Ble_H","Yes","Yes","C","Yes","Yes","7",2.80930368864589,26291,26291,2849,272,65,0,7886,"No-till",0,0.0103457456924423,0,0.299950553421323,TRUE
"2019-164",2019,"P33","S_5/6","TS1","MIX","Solnu","Yes","Yes","D","Yes","No","2",-1.7067911279125,13890,13890,1760,215,72,0,3661,"Tilled",0,0.0154787616990641,0,0.263570914326854,FALSE
"2019-9",2019,"P38","S_7/11","TS2","TS","Ble_H","Yes","Yes","D","No","No","2",-1.43337732387911,18662,18662,2720,253,27,0,4535,"Tilled",0,0.0135569606687386,0,0.24300718036652,FALSE
"2020-82",2020,"P47","S_3/8","TS1","TS","Orge_P","Yes","Yes","D","Yes","No","1",4.77963741887619,23626,23626,2686,260,100,0,6230,"Tilled",0,0.0110048251925844,0,0.26369254211462,FALSE
"2021-69",2021,"P40","S_4/8","TS2","TS","Solnu","Yes","Yes","D","No","No","3",-2.34311932718907,23041,23041,2824,272,24,0,7058,"Tilled",0,0.0118050431838896,0,0.306323510264311,FALSE
"2020-5",2020,"P49","S_4/7","TS1","TS","Ble_H","Yes","Yes","D","Yes","No","7",1.08553226545518,20035,20035,2525,227,34,4,6374,"Tilled",1,0.0113301721986524,0.000199650611429998,0.318143249313701,FALSE
"2019-77",2019,"P9","S_9/9","TS1","MIX","Solnu","Yes","Yes","D","Yes","No","3",-2.39554982924635,19735,19735,2702,240,45,0,5176,"Tilled",0,0.0121611350392703,0,0.262275145680263,FALSE
"2021-65",2021,"P39","S_5/9","TS2","TS","Ble_H_/_Pois_H","Yes","Yes","D","No","No","2",-0.522158830484666,21635,21635,2460,260,10,0,6837,"Tilled",0,0.0120175641321932,0,0.316015715276173,FALSE
"2020-155",2020,"P16","S_4/6","SD1","SD","Orge_P_/_Pois_P","No","No","A","Yes","No","3",-1.11488328161643,24354,24354,2596,199,14,0,6429,"No-till",0,0.00817114231748378,0,0.263981276176398,FALSE
"2020-63",2020,"P42","S_2/5","TS2","TS","Ble_H_/_Feverole_H","Yes","Yes","D","No","No","2",0.178227447142723,21802,21802,2651,156,36,24,6253,"Tilled",1,0.00715530685258233,0.00110081643885882,0.286808549674342,FALSE
"2021-130",2021,"P27","S_1/7","SD2","SD","Colza","No","Yes","B","Yes","No","7",1.46317588619907,17966,17966,2305,193,56,0,5958,"No-till",0,0.0107425136368696,0,0.331626405432484,FALSE
"2018-15",2018,"P28","S_5/10","TS2","TS","Colza","Yes","Yes","D","Yes","Yes","7",4.02203004059865,23066,23066,3010,230,71,17,6927,"Tilled",1,0.00997138645625596,0.000737015520679788,0.300312147749935,TRUE
"2020-88",2020,"P48","S_4/7","TS1","TS","Ble_H","Yes","Yes","D","Yes","No","1",0.778491477597389,25234,25234,2855,217,31,0,6774,"Tilled",0,0.0085995085995086,0,0.268447332963462,FALSE
"2019-111",2019,"P30","S_3/6","SD1","MIX","Ble_H_/_Feverole_H","Yes","Yes","C","Yes","No","3",0.592575165257699,20489,20489,2470,337,23,0,6385,"No-till",0,0.016447850065889,0,0.31163063107033,FALSE
"2021-31",2021,"P13","S_2/7","SD1","MIX","Ble_H","No","No","A","Yes","No","2",-0.313995045504945,11123,11123,2148,153,36,0,3364,"No-till",0,0.0137552818484222,0,0.302436393059426,FALSE
"2018-59",2018,"P27","S_2/7","SD2","SD","Ble_H","Yes","Yes","C","Yes","Yes","2",-1.39444903011707,33152,33152,3184,481,97,9,8402,"No-till",1,0.0145089285714286,0.000271476833976834,0.253438706563707,TRUE
"2019-30",2019,"P43","S_ajout","TS1","TS","Feverole_H","Yes","Yes","D","Yes","No","2",-1.12721154657094,18593,18593,2388,184,15,0,4156,"Tilled",0,0.00989619749368042,0,0.223524982520303,FALSE
"2020-68",2020,"P43","S_3/3","TS1","TS","Colza","Yes","Yes","D","Yes","No","2",-1.61264971512259,18164,18164,2630,143,19,13,4277,"Tilled",1,0.00787271526095574,0.000715701387359612,0.235465756441312,FALSE
"2021-131",2021,"P27","S_2/7","SD2","SD","Colza","No","Yes","B","Yes","No","2",-1.39444903011707,15692,15692,2253,222,54,0,4518,"No-till",0,0.0141473362222789,0,0.287917410145297,FALSE
"2019-92",2019,"P17","S_3/6","SD1","SD","Colza","Yes","Yes","C","Yes","No","3",-1.6958730754273,22766,22766,2420,206,19,0,5900,"No-till",0,0.0090485812176052,0,0.25915839409646,FALSE
"2021-122",2021,"P25","S_3/7","SD2","SD","Ble_H_/_Feverole_H","No","Yes","B","Yes","No","7",1.07618799637063,15522,15522,2291,200,51,0,4496,"No-till",0,0.0128849375080531,0,0.289653395181033,FALSE
"2020-59",2020,"P9","S_4/9","TS1","MIX","Lupin_P","Yes","Yes","D","Yes","No","2",-1.56398487750631,21947,21947,2870,318,32,15,5598,"Tilled",1,0.0144894518613022,0.000683464710438784,0.255069029935754,FALSE
"2020-140",2020,"P11","S_6/7","SD1","MIX","Ble_H_/_Feverole_H","No","No","A","Yes","No","1",1.00322307647183,23914,23914,2867,252,43,0,6965,"No-till",0,0.0105377603077695,0,0.291251986284185,FALSE
"2020-72",2020,"P44","S_3/5","TS1","TS","Feverole_H","Yes","Yes","D","Yes","No","2",-0.547611389570147,16529,16529,2521,177,33,0,3932,"Tilled",0,0.0107084518119668,0,0.237884929517817,FALSE
"2021-156",2021,"P33","S_4/6","TS1","MIX","Solnu","Yes","Yes","D","Yes","No","2",-1.23394873705731,13156,13156,2036,172,49,0,4129,"Tilled",0,0.0130738826391,0,0.313849194283977,FALSE
"2020-66",2020,"P43","S_1/3","TS1","TS","Colza","Yes","Yes","D","Yes","No","3",-1.32808820951733,24646,24646,2910,246,33,13,5689,"Tilled",1,0.00998133571370608,0.000527468960480402,0.230828532013308,FALSE
"2019-143",2019,"P23","S_3/5","SD2","SD","Solnu","Yes","Yes","C","Yes","No","7",2.70083629684766,21045,21045,2527,206,54,0,5994,"No-till",0,0.00978854834877643,0,0.284818246614398,FALSE
"2018-167",2018,"P9","S_4/9","TS1","MIX","Avoine_P","Yes","Yes","D","Yes","Yes","2",-1.56398487750631,27179,27179,2887,366,52,0,7060,"Tilled",0,0.0134662791125501,0,0.259759373045366,TRUE
"2021-82",2021,"P43","S_2/3","TS1","TS","Orge_H","Yes","Yes","D","Yes","No","2",-1.81552521947616,28008,28008,2798,246,21,0,8096,"Tilled",0,0.00878320479862896,0,0.289060268494716,FALSE
"2021-119",2021,"P24","S_2/6","SD2","SD","Orge_H","No","Yes","B","Yes","No","7",3.01987597082658,20929,20929,2513,236,51,0,6532,"No-till",0,0.0112762195995986,0,0.312102823832959,FALSE
"2020-11",2020,"P31","S_1/7","TS1","MIX","Moutarde_H","Yes","Yes","D","Yes","No","3",-2.15525194139179,30327,30327,3155,280,43,29,10027,"Tilled",1,0.00923269693672305,0.000956243611303459,0.330629472087579,FALSE
"2021-9",2021,"P7","S_7/8","TS2","MIX","Moutarde_H","Yes","Yes","D","No","No","3",-2.06700620819492,16815,16815,2481,242,31,1,4328,"Tilled",1,0.0143919119833482,5.94707106749926e-05,0.257389235801368,FALSE
"2020-144",2020,"P12","S_5/7","TS2","MIX","Feverole_H","Yes","Yes","D","No","No","7",2.27736560573671,33016,33016,3207,265,61,0,10037,"Tilled",0,0.00802641143687909,0,0.304004119214926,FALSE
"2018-47",2018,"P20","S_6/6","SD1","SD","Solnu","Yes","Yes","C","Yes","Yes","7",1.05741385056732,27463,27463,3401,249,59,25,7456,"No-till",1,0.00906674434693952,0.000910315697483887,0.271492553617595,TRUE
"2021-121",2021,"P24","S_6/6","SD2","SD","Orge_H","No","Yes","B","Yes","No","7",2.31612627985958,20456,20456,2565,200,53,0,7049,"No-till",0,0.00977708251857646,0,0.344593273367227,FALSE
"2020-14",2020,"P31","S_6/7","TS1","MIX","Moutarde_H","Yes","Yes","D","Yes","No","3",-2.43504021006708,24882,24882,2729,305,56,0,7821,"Tilled",0,0.0122578570854433,0,0.314323607427056,FALSE
"2020-142",2020,"P12","S_3/7","TS2","MIX","Feverole_H","Yes","Yes","D","No","No","2",0.768584667518529,28672,28672,3109,263,49,0,8347,"Tilled",0,0.00917271205357143,0,0.291120256696429,FALSE
"2018-32",2018,"P39","S_7/9","TS2","TS","Ble_H","Yes","Yes","D","Yes","Yes","2",-1.31067533576441,30689,30689,3335,282,162,12,8298,"Tilled",1,0.00918896021375737,0.000391019583564144,0.270390042034605,TRUE
"2019-99",2019,"P24","S_6/6","SD2","SD","Orge_P_/_Pois_P","Yes","Yes","C","Yes","No","7",2.31612627985958,19311,19311,2658,260,65,0,5785,"No-till",0,0.013463828905805,0,0.299570193154161,FALSE
"2021-110",2021,"P22","S_3/6","SD2","SD","Ble_H","No","Yes","B","Yes","No","2",1.66569801473393,18571,18571,2455,221,70,0,5518,"No-till",0,0.011900274621722,0,0.297129933767702,FALSE
"2021-158",2021,"P34","S_1/4","TS2","MIX","Lupin_P","Yes","Yes","D","No","No","6",-1.15820340781904,30451,30451,3075,162,49,0,5435,"Tilled",0,0.00532002233095793,0,0.178483465239237,FALSE
"2019-128",2019,"P8","S_7/9","SD2","MIX","Ble_H_/_Feverole_H","Yes","Yes","C","Yes","No","2",-0.959443159333515,20231,20231,2627,196,50,4,5708,"No-till",1,0.0096881024170827,0.000197716375858831,0.282141268350551,FALSE
"2020-134",2020,"P23","S_5/5","SD2","SD","Ble_H_/_Feverole_H","No","Yes","B","Yes","No","2",0.74967223042246,27203,27203,2642,313,43,0,7065,"No-till",0,0.0115060838878065,0,0.259714002132118,FALSE
"2021-35",2021,"P14","S_3/6","TS2","MIX","Ble_H_/_Pois_H","Yes","Yes","D","No","No","2",-0.335761292853065,16502,16502,2303,255,48,0,4878,"Tilled",0,0.015452672403345,0,0.295600533268695,FALSE
"2018-119",2018,"P29","S_4/7","TS2","TS","Orge_H","Yes","Yes","D","Yes","Yes","7",1.70428173612486,23565,23565,2935,311,52,13,6515,"Tilled",1,0.0131975387226819,0.000551665605771271,0.276469340123064,TRUE
"2018-108",2018,"P16","S_2/6","SD1","SD","Orge_P","Yes","Yes","C","Yes","Yes","3",-1.07039277030963,32931,32931,3261,325,43,0,8755,"No-till",0,0.00986912028180134,0,0.265858917129756,TRUE
"2019-156",2019,"P29","S_1/7","TS2","TS","Colza","Yes","Yes","D","No","No","7",4.43319053047014,14023,14023,2145,96,31,0,4653,"Tilled",0,0.00684589602795408,0,0.331812023104899,FALSE
"2021-78",2021,"P42","S_2/5","TS2","TS","Colza","Yes","Yes","D","No","No","2",0.178227447142723,29016,29016,2613,248,17,0,9697,"Tilled",0,0.00854700854700855,0,0.334194926936862,FALSE
"2019-127",2019,"P8","S_6/9","SD2","MIX","Ble_H_/_Feverole_H","Yes","Yes","C","Yes","No","3",-1.47024069279798,24196,24196,2896,330,97,1,6295,"No-till",1,0.0136386179533807,4.13291453132749e-05,0.260166969747066,FALSE
"2018-132",2018,"P45","S_5/7","TS1","TS","Solnu","Yes","Yes","D","Yes","Yes","5",0.287976227233796,24104,24104,3039,256,65,8,5447,"Tilled",1,0.010620643876535,0.000331895121141719,0.225979090607368,TRUE
"2018-101",2018,"P8","S_3/9","SD2","MIX","Moutarde_H","Yes","Yes","C","Yes","Yes","2",0.172220341243607,18474,18474,2818,234,26,7,4371,"No-till",1,0.0126664501461513,0.000378910901807946,0.236602793114648,TRUE
"2020-71",2020,"P44","S_2/5","TS1","TS","Feverole_H","Yes","Yes","D","Yes","No","3",-1.26631371784298,16446,16446,2459,175,25,2,3999,"Tilled",1,0.0106408853216588,0.000121610117961814,0.243159430864648,FALSE
"2018-57",2018,"P26","S_4/5","SD2","SD","Ble_H","Yes","Yes","C","Yes","Yes","2",-1.09257947279026,31849,31849,3257,563,146,5,9169,"No-till",1,0.0176771641181827,0.0001569908003391,0.287889729661842,TRUE
"2021-75",2021,"P41","S_4/5","TS2","TS","Solnu","Yes","Yes","D","No","No","2",-0.536394525085105,22258,22258,2673,286,21,0,6964,"Tilled",0,0.0128493126067032,0,0.312876269206577,FALSE
"2020-47",2020,"P6","S_4/9","SD2","MIX","Colza","No","Yes","B","Yes","No","3",-1.50966496424355,19617,19617,2612,282,47,0,5424,"No-till",0,0.0143752867410919,0,0.276494876892491,FALSE
"2021-5",2021,"P6","S_8/9","SD2","MIX","Orge_H","No","Yes","B","Yes","No","3",-1.60101755367094,20051,20051,2740,244,64,2,5777,"No-till",1,0.0121689691287218,9.974564859608e-05,0.288115305969777,FALSE
"2021-47",2021,"P18","S_4/7","SD1","SD","Ble_H_/_Feverole_H","No","No","A","Yes","No","5",-1.02689345419205,19440,19440,2369,183,24,0,6290,"No-till",0,0.00941358024691358,0,0.323559670781893,FALSE
"2020-159",2020,"P17","S_3/6","SD1","SD","Orge_H","No","No","A","Yes","No","3",-1.6958730754273,21851,21851,2620,204,10,0,6115,"No-till",0,0.00933595716443183,0,0.279849892453435,FALSE
"2020-2",2020,"P48","S_5/7","TS1","TS","Ble_H","Yes","Yes","D","Yes","No","2",1.73258687163553,23988,23988,2812,300,47,11,6890,"Tilled",1,0.0125062531265633,0.000458562614640654,0.287226946806737,FALSE
"2019-82",2019,"P11","S_6/7","SD1","MIX","Solnu","Yes","Yes","C","Yes","No","1",1.00322307647183,25567,25567,2964,255,48,0,7451,"No-till",0,0.00997379434427191,0,0.291430359447726,FALSE
"2021-70",2021,"P40","S_5/8","TS2","TS","Solnu","Yes","Yes","D","No","No","3",-1.75224881822305,28785,28785,2892,354,42,0,8351,"Tilled",0,0.0122980719124544,0,0.290116380059059,FALSE
"2021-111",2021,"P22","S_4/6","SD2","SD","Ble_H","No","Yes","B","Yes","No","2",2.63655103014391,14775,14775,2252,133,42,0,4592,"No-till",0,0.00900169204737733,0,0.310795262267343,FALSE
"2019-39",2019,"P46","S_3/6","TS1","TS","Colza","Yes","Yes","D","Yes","No","7",2.55469654608952,16241,16241,2309,138,26,3,4785,"Tilled",1,0.00849701373068161,0.000184717689797426,0.294624715226895,FALSE
"2021-38",2021,"P16","S_2/6","SD1","SD","Colza","No","No","A","Yes","No","3",-1.07039277030963,22119,22119,2622,199,23,0,6220,"No-till",0,0.0089967900899679,0,0.281206202812062,FALSE
"2019-86",2019,"P13","S_2/7","SD1","MIX","Orge_P_/_Pois_P","Yes","Yes","C","Yes","No","2",-0.313995045504945,16965,16965,2441,268,50,0,4087,"No-till",0,0.015797229590333,0,0.240907751252579,FALSE
"2020-154",2020,"P16","S_3/6","SD1","SD","Orge_P_/_Pois_P","No","No","A","Yes","No","1",0.351715205297682,30559,30559,3078,397,31,0,7483,"No-till",0,0.0129912628031022,0,0.244870578225727,FALSE
"2019-115",2019,"P32","S_1/6","SD2","MIX","Colza","Yes","Yes","C","Yes","No","2",0.789053647192231,22701,22701,2735,313,44,0,6777,"No-till",0,0.0137879388573191,0,0.298533104268534,FALSE
"2019-146",2019,"P24","S_1/6","SD2","SD","Orge_P_/_Pois_P","Yes","Yes","C","Yes","No","7",0.850525928486039,23184,23184,2771,244,59,0,6577,"No-till",0,0.0105244996549344,0,0.283687025534852,FALSE
"2020-21",2020,"P33","S_4/6","TS1","MIX","Ble_H","Yes","Yes","D","Yes","No","2",-1.23394873705731,21343,21343,2446,156,61,0,6636,"Tilled",0,0.00730918802417654,0,0.310921613643818,FALSE
"2020-136",2020,"P24","S_2/6","SD2","SD","Colza","No","Yes","B","Yes","No","7",3.01987597082658,27005,27005,2912,228,60,1,8015,"No-till",1,0.0084428809479726,3.7030179596371e-05,0.296796889464914,FALSE
"2020-118",2020,"P11","S_5/7","SD1","MIX","Ble_H_/_Feverole_H","No","No","A","Yes","No","7",1.02204725961927,24659,24659,3077,320,45,30,7111,"No-till",1,0.0129770063668437,0.0012165943468916,0.288373413358206,FALSE
"2019-161",2019,"P32","S_2/6","SD2","MIX","Colza","Yes","Yes","C","Yes","No","2",0.763683512079939,15731,15731,2437,181,40,0,4529,"No-till",0,0.0115059436780879,0,0.287902866950607,FALSE
"2020-20",2020,"P33","S_3/6","TS1","MIX","Ble_H","Yes","Yes","D","Yes","No","2",1.37918964953211,29179,29179,2774,306,56,0,9854,"Tilled",0,0.0104869940710785,0,0.337708626066692,FALSE
"2018-144",2018,"P13","S_6/7","SD1","MIX","Ble_H","Yes","Yes","C","Yes","Yes","2",-1.03155541547768,49507,49507,2390,388,50,9,10326,"No-till",1,0.00783727553679278,0.000181792473791585,0.208576564930212,TRUE
"2020-25",2020,"P34","S_3/4","TS2","MIX","Solnu","Yes","Yes","D","No","No","2",-0.765832975604245,25322,25322,2743,255,55,0,6467,"Tilled",0,0.0100702946054814,0,0.255390569465287,FALSE
"2021-54",2021,"P20","S_3/6","SD1","SD","Solnu","No","No","A","Yes","No","7",0.257844164133736,24163,24163,2853,240,32,0,7976,"No-till",0,0.00993254148905351,0,0.330091462152878,FALSE
"2021-10",2021,"P8","S_3/9","SD2","MIX","Colza","No","Yes","B","Yes","No","2",0.172220341243607,16775,16775,2470,256,22,0,4588,"No-till",0,0.0152608047690015,0,0.273502235469449,FALSE
"2019-94",2019,"P22","S_4/6","SD2","SD","Colza","Yes","Yes","C","Yes","No","2",2.63655103014391,30015,30015,2898,264,80,0,9575,"No-till",0,0.00879560219890055,0,0.319007163085124,FALSE
"2020-96",2020,"P27","S_1/7","SD2","SD","Orge_P_/_Pois_P","No","Yes","B","Yes","No","7",1.46317588619907,16790,16790,2241,198,49,0,4504,"No-till",0,0.0117927337701013,0,0.268254913639071,FALSE
"2018-100",2018,"P37","S_7/10","SD2","MIX","Pois_P","Yes","Yes","C","Yes","Yes","2",-0.119209739961695,25998,25998,3026,286,35,7,6150,"No-till",1,0.0110008462189399,0.000269251480883145,0.236556658204477,TRUE
"2020-73",2020,"P44","S_4/5","TS1","TS","Feverole_H","Yes","Yes","D","Yes","No","2",0.111824299380213,17865,17865,2561,178,31,1,3750,"Tilled",1,0.00996361600895606,5.59753708368318e-05,0.209907640638119,FALSE
"2018-77",2018,"P40","S_7/8","TS2","TS","Ble_H","Yes","Yes","D","Yes","Yes","2",-1.8818138705149,26773,26773,3300,298,61,13,6476,"Tilled",1,0.0111306166660441,0.000485563814290517,0.241885481641953,TRUE
"2021-104",2021,"P48","S_5/7","TS1","TS","Orge_P","Yes","Yes","D","Yes","No","2",1.73258687163553,17640,17640,2201,215,26,0,5180,"Tilled",0,0.01218820861678,0,0.293650793650794,FALSE
"2020-28",2020,"P37","S_4/10","SD2","MIX","Ble_H_/_Feverole_H","No","Yes","B","Yes","No","2",1.43855997273478,25423,25423,2667,267,20,0,7266,"No-till",0,0.0105023010659639,0,0.285804193053534,FALSE
"2020-26",2020,"P34","S_4/4","TS2","MIX","Solnu","Yes","Yes","D","No","No","5",1.21136715827359,23858,23858,2602,273,61,0,7003,"Tilled",0,0.0114427026573896,0,0.293528376226004,FALSE
"2018-69",2018,"P7","S_3/8","TS2","MIX","Orge_P","Yes","Yes","D","Yes","Yes","7",-1.58912704619571,25037,25037,2961,213,32,9,7180,"Tilled",1,0.00850740903462875,0.00035946798737868,0.286775572153213,TRUE
"2021-115",2021,"P23","S_3/5","SD2","SD","Orge_P_/_Pois_P","No","Yes","B","Yes","No","7",2.70083629684766,20791,20791,2564,206,60,0,7018,"No-till",0,0.0099081333269203,0,0.337549901399644,FALSE
"2019-132",2019,"P18","S_4/7","SD1","SD","Ble_H","Yes","Yes","C","Yes","No","5",-1.02689345419205,15022,15022,2343,160,25,0,3921,"No-till",0,0.0106510451338038,0,0.261017174810278,FALSE
"2021-129",2021,"P26","S_5/5","SD2","SD","Solnu","No","Yes","B","Yes","No","2",-0.950928151832352,16957,16957,2253,217,79,0,5714,"No-till",0,0.0127970749542962,0,0.336969982897918,FALSE
"2018-116",2018,"P25","S_7/7","SD2","SD","Ble_H","Yes","Yes","C","Yes","Yes","7",6.35165058605194,25485,25485,2923,278,66,6,8001,"No-till",1,0.0109083774769472,0.000235432607416127,0.313949381989406,TRUE
"2020-122",2020,"P20","S_6/6","SD1","SD","Ble_H","No","No","A","Yes","No","7",1.05741385056732,29711,29711,3235,422,56,23,8522,"No-till",1,0.0142034936555484,0.000774124061795295,0.286829793679109,FALSE
"2018-61",2018,"P27","S_6/7","SD2","SD","Ble_H","Yes","Yes","C","Yes","Yes","1",-0.175071388118511,24078,24078,2638,212,79,0,8744,"No-till",0,0.00880471799983387,0,0.363153085804469,TRUE
"2020-43",2020,"P41","S_2/5","TS2","TS","Ble_H_/_Pois_H","Yes","Yes","D","No","No","2",-0.694497655577702,16780,16780,2447,199,39,0,4918,"Tilled",0,0.0118593563766389,0,0.293087008343266,FALSE
"2021-165",2021,"P37","S_7/10","SD2","MIX","Orge_P_/_Pois_P","No","Yes","B","Yes","No","2",-0.119209739961695,38122,38122,3130,244,20,0,5097,"No-till",0,0.00640050364618855,0,0.133702324117308,FALSE
"2019-76",2019,"P9","S_5/9","TS1","MIX","Solnu","Yes","Yes","D","Yes","No","2",-1.71343461214841,17697,17697,2444,212,26,0,5085,"Tilled",0,0.0119794315420693,0,0.287336836751992,FALSE
"2020-107",2020,"P29","S_5/7","TS2","TS","Ble_H_/_Pois_H","Yes","Yes","D","No","No","3",-1.64970454242394,21519,21519,2772,265,68,0,5966,"Tilled",0,0.0123146986384126,0,0.277243366327432,FALSE
"2020-109",2020,"P1","S_3/6","TS1","MIX","Solnu","Yes","Yes","D","Yes","No","2",-0.672234238980768,17836,17836,2706,198,44,0,3885,"Tilled",0,0.011101143754205,0,0.217817896389325,FALSE
"2021-127",2021,"P26","S_3/5","SD2","SD","Solnu","No","Yes","B","Yes","No","7",1.78005891514909,16853,16853,2204,219,72,0,5281,"No-till",0,0.0129947190411203,0,0.31335667240254,FALSE
"2018-21",2018,"P32","S_1/6","SD2","MIX","Orge_H","Yes","Yes","C","Yes","Yes","2",0.789053647192231,25196,25196,3250,318,60,6,7493,"No-till",1,0.0126210509604699,0.000238133036989998,0.29738847436101,TRUE
"2020-46",2020,"P6","S_3/9","SD2","MIX","Colza","No","Yes","B","Yes","No","3",-2.9979060762135,19668,19668,2649,261,34,1,5933,"No-till",1,0.0132702867602196,5.08440105755542e-05,0.301657514744763,FALSE
"2020-148",2020,"P13","S_6/7","SD1","MIX","Colza","No","No","A","Yes","No","2",-1.03155541547768,25416,25416,3057,307,51,0,6858,"No-till",0,0.01207900535096,0,0.269830028328612,FALSE
"2021-79",2021,"P42","S_3/5","TS2","TS","Colza","Yes","Yes","D","No","No","2",-0.922373879179854,24742,24742,2488,165,17,0,8685,"Tilled",0,0.00666882224557433,0,0.351022552744321,FALSE
"2018-49",2018,"P22","S_4/6","SD2","SD","Ble_H","Yes","Yes","C","Yes","Yes","2",2.63655103014391,36085,36085,3287,514,123,0,10190,"No-till",0,0.0142441457669392,0,0.282388804212277,TRUE
"2020-167",2020,"P19","S_4/7","SD1","SD","Colza","No","No","A","Yes","No","7",0.170692170142285,20154,20154,2705,227,45,0,5903,"No-till",0,0.0112632727994443,0,0.292894710727399,FALSE
"2021-46",2021,"P18","S_2/7","SD1","SD","Ble_H_/_Feverole_H","No","No","A","Yes","No","5",-1.09981983379067,32014,32014,2885,276,28,0,9757,"No-till",0,0.00862122821265696,0,0.304772911851065,FALSE
"2021-101",2021,"P48","S_2/7","TS1","TS","Orge_P","Yes","Yes","D","Yes","No","2",-0.602960991917973,24229,24229,2841,322,39,0,6520,"Tilled",0,0.013289859259565,0,0.269099013578769,FALSE
"2018-24",2018,"P34","S_1/4","TS2","MIX","Solnu","Yes","Yes","D","Yes","Yes","6",-1.15820340781904,23708,23708,3016,260,73,12,6608,"Tilled",1,0.0109667622743378,0.00050615825881559,0.278724481187785,TRUE
"2021-134",2021,"P28","S_3/10","TS2","TS","Ble_H","Yes","Yes","D","No","No","7",1.19524692642895,17845,17845,2424,298,74,0,4476,"Tilled",0,0.016699355561782,0,0.250826562062202,FALSE
"2021-107",2021,"P49","S_4/7","TS1","TS","Solnu","Yes","Yes","D","Yes","No","7",1.08553226545518,18013,18013,2340,205,49,0,5631,"Tilled",0,0.0113806695164603,0,0.312607561205796,FALSE
"2021-87",2021,"P44","S_3/5","TS1","TS","Colza","Yes","Yes","D","Yes","No","2",-0.547611389570147,15599,15599,2282,193,22,0,3644,"Tilled",0,0.0123725879864094,0,0.23360471825117,FALSE
"2018-110",2018,"P16","S_6/6","SD1","SD","Orge_P","Yes","Yes","C","Yes","Yes","1",0.830129440426399,28779,28779,3103,284,48,0,7370,"No-till",0,0.00986830675145071,0,0.256089509711943,TRUE
"2018-2",2018,"P10","S_3/8","SD1","MIX","Orge_H","Yes","Yes","C","Yes","Yes","3",-2.57245865340911,26270,26270,2910,244,51,3,6868,"No-till",1,0.00928816140083746,0.000114198705748002,0.261438903692425,TRUE
"2018-105",2018,"P12","S_5/7","TS2","MIX","Feverole_P","Yes","Yes","D","Yes","Yes","7",2.27736560573671,23792,23792,2839,268,44,1,7195,"Tilled",1,0.0112642905178211,4.20309347679892e-05,0.302412575655683,TRUE
"2018-133",2018,"P45","S_6/7","TS1","TS","Solnu","Yes","Yes","D","Yes","Yes","5",0.766466384193789,22569,22569,2966,323,48,6,4806,"Tilled",1,0.0143116664451238,0.000265851389073508,0.21294696264788,TRUE
"2021-114",2021,"P23","S_1/5","SD2","SD","Orge_P_/_Pois_P","No","Yes","B","Yes","No","7",1.57020761862273,21371,21371,2641,210,39,0,7268,"No-till",0,0.00982640026203734,0,0.340087033830892,FALSE
"2019-5",2019,"P49","S_4/7","TS1","TS","Moutarde_H","Yes","Yes","D","Yes","No","7",1.08553226545518,23397,23397,2705,230,48,0,7195,"Tilled",0,0.00983032012651195,0,0.307518057870667,FALSE
"2021-91",2021,"P45","S_6/7","TS1","TS","Ble_H","Yes","Yes","D","Yes","No","5",0.766466384193789,16287,16287,2347,163,24,6,4135,"Tilled",1,0.0100079818259962,0.000368391969055075,0.253883465340456,FALSE
"2019-21",2019,"P41","S_4/5","TS2","TS","Moutarde_H","Yes","Yes","D","No","No","2",-0.536394525085105,18403,18403,2539,233,49,0,5542,"Tilled",0,0.0126609791881758,0,0.301146552192577,FALSE
"2020-24",2020,"P34","S_2/4","TS2","MIX","Solnu","Yes","Yes","D","No","No","5",2.17204355459153,30261,30261,3011,316,56,1,9718,"Tilled",1,0.0104424837249265,3.30458345725521e-05,0.321139420376062,FALSE
"2018-4",2018,"P10","S_6/8","SD1","MIX","Orge_H","Yes","Yes","C","Yes","Yes","7",0.0359604550738488,27874,27874,2942,259,39,7,7652,"No-till",1,0.00929181315921647,0.000251130085384229,0.274521059051446,TRUE
"2019-125",2019,"P7","S_7/8","TS2","MIX","Solnu","Yes","Yes","D","No","No","3",-2.06700620819492,24412,24412,2948,332,58,0,6310,"Tilled",0,0.0135998689169261,0,0.258479436342782,FALSE
"2020-160",2020,"P17","S_6/6","SD1","SD","Orge_H","No","No","A","Yes","No","3",-2.12170360128585,25951,25951,2784,181,19,0,7794,"No-till",0,0.00697468305652961,0,0.30033524719664,FALSE
"2018-102",2018,"P8","S_5/9","SD2","MIX","Moutarde_H","Yes","Yes","C","Yes","Yes","3",-1.61139755038596,24642,24642,3047,240,51,6,6256,"No-till",1,0.00973946919892866,0.000243486729973216,0.25387549711874,TRUE
"2020-138",2020,"P24","S_6/6","SD2","SD","Colza","No","Yes","B","Yes","No","7",2.31612627985958,41701,41701,3235,442,74,1,12999,"No-till",1,0.0105992662046474,2.39802402820076e-05,0.311719143425817,FALSE
"2018-111",2018,"P20","S_3/6","SD1","SD","Solnu","Yes","Yes","C","Yes","Yes","7",0.257844164133736,21569,21569,2780,250,30,0,5704,"No-till",0,0.0115907088877556,0,0.264453613983031,TRUE
"2021-133",2021,"P27","S_6/7","SD2","SD","Colza","No","Yes","B","Yes","No","1",-0.175071388118511,17324,17324,2243,274,99,0,4942,"No-till",0,0.0158162087277765,0,0.285268990995151,FALSE
"2018-115",2018,"P25","S_6/7","SD2","SD","Ble_H","Yes","Yes","C","Yes","Yes","5",-1.55397620082019,22452,22452,2869,270,50,9,6383,"No-till",1,0.0120256547300909,0.000400855157669695,0.284295385711741,TRUE
"2021-154",2021,"P33","S_2/6","TS1","MIX","Solnu","Yes","Yes","D","Yes","No","2",0.578037739629978,21285,21285,2602,216,67,0,7254,"Tilled",0,0.0101479915433404,0,0.340803382663848,FALSE
"2018-109",2018,"P16","S_3/6","SD1","SD","Orge_P","Yes","Yes","C","Yes","Yes","1",0.351715205297682,21960,21960,2980,302,37,0,5252,"No-till",0,0.013752276867031,0,0.239162112932605,TRUE
"2021-95",2021,"P46","S_5/6","TS1","TS","Solnu","Yes","Yes","D","Yes","No","1",1.25646748942461,15174,15174,2130,173,29,0,3996,"Tilled",0,0.0114010807960986,0,0.263345195729537,FALSE
"2018-140",2018,"P47","S_6/8","TS1","TS","Pois_P","Yes","Yes","D","Yes","Yes","2",2.48690303826331,19183,19183,2679,192,61,5,4785,"Tilled",1,0.0100088620132409,0.000260647448261482,0.249439607986238,TRUE
"2021-42",2021,"P17","S_1/6","SD1","SD","Ble_H","No","No","A","Yes","No","3",-1.41897677385046,23207,23207,2642,277,54,0,5367,"No-till",0,0.0119360537768777,0,0.231266428232861,FALSE
"2018-125",2018,"P33","S_5/6","TS1","MIX","Ble_H","Yes","Yes","D","Yes","Yes","2",-1.7067911279125,23074,23074,2938,374,70,10,5938,"Tilled",1,0.016208719771171,0.000433388229175696,0.257345930484528,TRUE
"2021-163",2021,"P37","S_4/10","SD2","MIX","Orge_P_/_Pois_P","No","Yes","B","Yes","No","2",1.43855997273478,18561,18561,2666,179,13,0,5164,"No-till",0,0.00964387694628522,0,0.2782177684392,FALSE
"2019-85",2019,"P12","S_4/7","TS2","MIX","Ble_H_/_Pois_H","Yes","Yes","D","No","No","1",-0.231061886066831,27851,27851,3126,362,46,0,6913,"Tilled",0,0.0129977379627302,0,0.248213708663962,FALSE
"2018-17",2018,"P30","S_2/6","SD1","MIX","Ble_H","Yes","Yes","C","Yes","Yes","7",2.9687234415722,29639,29639,3253,353,47,6,8745,"No-till",1,0.0119099834677283,0.000202435979621445,0.295050440298256,TRUE
"2019-105",2019,"P27","S_4/7","SD2","SD","Ble_H_/_Feverole_H","Yes","Yes","C","Yes","No","2",-0.792113054703712,23899,23899,2157,503,84,0,6983,"No-till",0,0.0210469057282731,0,0.292187957655132,FALSE
"2020-114",2020,"P10","S_5/8","SD1","MIX","Orge_H","No","No","A","Yes","No","3",-1.9638293893314,28305,28305,3208,326,58,17,7249,"No-till",1,0.0115173997526939,0.000600600600600601,0.256103161985515,FALSE
"2020-32",2020,"P38","S_5/11","TS2","TS","Solnu","Yes","Yes","D","No","No","2",-1.27259173362397,24582,24582,2845,230,22,0,6377,"Tilled",0,0.00935643967130421,0,0.25941745993003,FALSE
"2019-147",2019,"P24","S_2/6","SD2","SD","Orge_P_/_Pois_P","Yes","Yes","C","Yes","No","7",3.01987597082658,23291,23291,2670,239,58,0,7425,"No-till",0,0.0102614743892491,0,0.31879266669529,FALSE
"2020-137",2020,"P24","S_4/6","SD2","SD","Colza","No","Yes","B","Yes","No","7",0.511413865554101,27822,27822,2955,246,52,1,7867,"No-till",1,0.0088419236575372,3.59427790956797e-05,0.282761843145712,FALSE
"2020-99",2020,"P27","S_6/7","SD2","SD","Orge_P_/_Pois_P","No","Yes","B","Yes","No","1",-0.175071388118511,12838,12838,1988,128,42,0,3853,"No-till",0,0.00997040037389001,0,0.300124630004674,FALSE
"2020-12",2020,"P31","S_2/7","TS1","MIX","Moutarde_H","Yes","Yes","D","Yes","No","3",-2.17169832266644,14933,14933,2193,169,12,13,4536,"Tilled",1,0.011317216902163,0.00087055514632023,0.303756780285274,FALSE
"2019-26",2019,"P42","S_5/5","TS2","TS","Pois_Chiche","Yes","Yes","D","No","No","2",-0.3880476334134,18276,18276,2198,173,7,0,4414,"Tilled",0,0.009465966294594,0,0.241518931932589,FALSE
"2020-124",2020,"P21","S_3/6","SD1","SD","Ble_H_/_Feverole_H","No","No","A","Yes","No","2",-0.0473191370858659,18621,18621,2752,244,29,13,4848,"No-till",1,0.0131034853122818,0.000698136512539606,0.260351216368616,FALSE
"2021-128",2021,"P26","S_4/5","SD2","SD","Solnu","No","Yes","B","Yes","No","2",-1.09257947279026,16632,16632,2323,308,48,0,5075,"No-till",0,0.0185185185185185,0,0.30513468013468,FALSE
"2021-92",2021,"P45","S_7/7","TS1","TS","Ble_H","Yes","Yes","D","Yes","No","5",-0.527491113771388,13205,13205,2169,173,18,2,3083,"Tilled",1,0.0131010980689133,0.000151457781143506,0.233472169632715,FALSE
"2018-18",2018,"P30","S_3/6","SD1","MIX","Ble_H","Yes","Yes","C","Yes","Yes","3",0.592575165257699,26908,26908,2888,313,33,7,7324,"No-till",1,0.0116322283335811,0.000260145681581686,0.272186710272038,TRUE
"2021-148",2021,"P31","S_4/7","TS1","MIX","Ble_H","Yes","Yes","D","Yes","No","3",-2.46081957787689,14930,14930,2286,205,17,0,3806,"Tilled",0,0.0137307434695244,0,0.254922973878098,FALSE
"2021-29",2021,"P12","S_5/7","TS2","MIX","Ble_H","Yes","Yes","D","No","No","7",2.27736560573671,15896,15896,2426,210,38,0,5126,"Tilled",0,0.0132108706592854,0,0.322471061902365,FALSE
"2021-93",2021,"P46","S_3/6","TS1","TS","Solnu","Yes","Yes","D","Yes","No","7",2.55469654608952,11555,11555,2016,148,17,3,3295,"Tilled",1,0.0128083080917352,0.000259627866724362,0.285157940285591,FALSE
"2021-168",2021,"P38","S_7/11","TS2","TS","Ble_H_/_Feverole_H","Yes","Yes","D","No","No","2",-1.43337732387911,24008,24008,2892,214,22,0,3165,"Tilled",0,0.00891369543485505,0,0.131831056314562,FALSE
"2020-156",2020,"P16","S_6/6","SD1","SD","Orge_P_/_Pois_P","No","No","A","Yes","No","1",0.830129440426399,23360,23360,2932,267,25,0,6977,"No-till",0,0.0114297945205479,0,0.298672945205479,FALSE
"2020-166",2020,"P19","S_3/7","SD1","SD","Colza","No","No","A","Yes","No","7",-0.85045719590945,21116,21116,2817,231,40,1,5820,"No-till",1,0.0109395718886153,4.73574540632696e-05,0.275620382648229,FALSE
"2021-13",2021,"P8","S_7/9","SD2","MIX","Colza","No","Yes","B","Yes","No","2",-0.959443159333515,16234,16234,2437,201,52,5,4333,"No-till",1,0.0123814217075274,0.000307995564863866,0.266908956511026,FALSE
"2018-58",2018,"P26","S_5/5","SD2","SD","Ble_H","Yes","Yes","C","Yes","Yes","2",-0.950928151832352,37381,37381,3064,597,218,5,11874,"No-till",1,0.015970680292127,0.000133757791391349,0.317648002996175,TRUE
"2018-13",2018,"P17","S_2/6","SD1","SD","Orge_H","Yes","Yes","C","Yes","Yes","3",-2.25483733852506,22205,22205,2857,198,15,10,5561,"No-till",1,0.00891691060571943,0.00045034902049088,0.250439090294979,TRUE
"2019-103",2019,"P27","S_1/7","SD2","SD","Ble_H_/_Feverole_H","Yes","Yes","C","Yes","No","7",1.46317588619907,18496,18496,2333,186,51,2,5845,"No-till",1,0.0100562283737024,0.000108131487889273,0.316014273356401,FALSE
"2020-113",2020,"P10","S_3/8","SD1","MIX","Orge_H","No","No","A","Yes","No","3",-2.57245865340911,30382,30382,2965,301,31,11,9066,"No-till",1,0.00990718188401027,0.000362056480811006,0.298400368639326,FALSE
"2021-33",2021,"P13","S_6/7","SD1","MIX","Ble_H","No","No","A","Yes","No","2",-1.03155541547768,13569,13569,2268,157,32,0,3002,"No-till",0,0.0115704915616479,0,0.221239590242464,FALSE
"2019-136",2019,"P19","S_7/7","SD1","SD","Orge_P_/_Pois_P","Yes","Yes","C","Yes","No","7",0.757462496936714,24082,24082,2887,283,69,1,6909,"No-till",1,0.0117515156548459,4.1524790299809e-05,0.28689477618138,FALSE
"2018-16",2018,"P28","S_6/10","TS2","TS","Colza","Yes","Yes","D","Yes","Yes","1",2.87678816803851,28054,28054,3434,277,75,85,7234,"Tilled",1,0.0098738147857703,0.00302987096314251,0.257859841733799,TRUE
"2021-27",2021,"P12","S_3/7","TS2","MIX","Ble_H","Yes","Yes","D","No","No","2",0.768584667518529,14468,14468,2314,212,41,0,4578,"Tilled",0,0.0146530273707492,0,0.316422449543821,FALSE
"2020-48",2020,"P6","S_7/9","SD2","MIX","Colza","No","Yes","B","Yes","No","3",-0.992902767755816,24304,24304,2939,321,83,1,6539,"No-till",1,0.013207702435813,4.11454904542462e-05,0.269050362080316,FALSE
"2021-22",2021,"P11","S_1/7","SD1","MIX","Orge_P_/_Pois_P","No","No","A","Yes","No","7",1.60776340832254,12438,12438,2238,152,23,0,3902,"No-till",0,0.0122206142466635,0,0.313716031516321,FALSE
"2020-127",2020,"P22","S_3/6","SD2","SD","Orge_H","No","Yes","B","Yes","No","2",1.66569801473393,27354,27354,3087,241,76,0,7802,"No-till",0,0.00881041163997953,0,0.285223367697594,FALSE
"2020-120",2020,"P20","S_4/6","SD1","SD","Ble_H","No","No","A","Yes","No","7",0.347264423702003,29571,29571,3339,350,39,40,8064,"No-till",1,0.0118359203273477,0.00135267660883974,0.272699604342092,FALSE
"2021-159",2021,"P34","S_2/4","TS2","MIX","Lupin_P","Yes","Yes","D","No","No","5",2.17204355459153,21655,21655,2655,150,14,0,4064,"Tilled",0,0.0069268067420919,0,0.187670283999076,FALSE
"2019-23",2019,"P42","S_1/5","TS2","TS","Pois_Chiche","Yes","Yes","D","No","No","2",-0.539553765612652,25364,25364,2484,290,30,0,6334,"Tilled",0,0.0114335278347264,0,0.249724018293645,FALSE
"2020-54",2020,"P8","S_3/9","SD2","MIX","Orge_P_/_Pois_P","No","Yes","B","Yes","No","2",0.172220341243607,15317,15317,2432,232,27,0,4270,"No-till",0,0.0151465691715088,0,0.278775217079062,FALSE
"2019-138",2019,"P20","S_4/6","SD1","SD","Orge_H","Yes","Yes","C","Yes","No","7",0.347264423702003,20222,20222,2727,268,52,0,5148,"No-till",0,0.0132528928889328,0,0.254574226090397,FALSE
"2020-74",2020,"P45","S_4/7","TS1","TS","Solnu","Yes","Yes","D","Yes","No","5",-0.96828875225511,22100,22100,2711,292,19,0,4741,"Tilled",0,0.0132126696832579,0,0.214524886877828,FALSE
"2021-103",2021,"P48","S_4/7","TS1","TS","Orge_P","Yes","Yes","D","Yes","No","1",0.778491477597389,17763,17763,2313,242,25,0,5238,"Tilled",0,0.0136238248043686,0,0.294882621178855,FALSE
"2021-116",2021,"P23","S_4/5","SD2","SD","Orge_P_/_Pois_P","No","Yes","B","Yes","No","7",2.80930368864589,13226,13226,2046,171,61,0,4493,"No-till",0,0.0129290790866475,0,0.339709662785423,FALSE
"2021-51",2021,"P19","S_3/7","SD1","SD","Ble_H","No","No","A","Yes","No","7",-0.85045719590945,31456,31456,2877,284,49,0,10231,"No-till",0,0.00902848423194303,0,0.325247965412004,FALSE
"2019-7",2019,"P38","S_4/11","TS2","TS","Ble_H","Yes","Yes","D","No","No","2",-0.999971899144495,27537,27537,3106,363,66,0,6982,"Tilled",0,0.0131822638631659,0,0.253549769401169,FALSE
"2019-10",2019,"P38","S_8/11","TS2","TS","Ble_H","Yes","Yes","D","No","No","2",-0.699324004323495,23728,23728,2818,305,31,0,6050,"Tilled",0,0.012854012137559,0,0.254973027646662,FALSE
"2018-134",2018,"P45","S_7/7","TS1","TS","Solnu","Yes","Yes","D","Yes","Yes","5",-0.527491113771388,33407,33407,3430,436,57,19,6953,"Tilled",1,0.0130511569431556,0.000568743077798066,0.208130032627892,TRUE
"2021-60",2021,"P21","S_4/6","SD1","SD","Orge_P_/_Pois_P","No","No","A","Yes","No","2",-0.700067739643303,13832,13832,2114,185,25,0,3889,"No-till",0,0.0133747831116252,0,0.28115962984384,FALSE
"2021-77",2021,"P42","S_1/5","TS2","TS","Colza","Yes","Yes","D","No","No","2",-0.539553765612652,21716,21716,2319,159,11,0,7379,"Tilled",0,0.00732179038496961,0,0.339795542457174,FALSE
"2019-83",2019,"P12","S_2/7","TS2","MIX","Ble_H_/_Pois_H","Yes","Yes","D","No","No","7",2.47895884887895,17600,17600,2426,220,46,0,5403,"Tilled",0,0.0125,0,0.306988636363636,FALSE
"2018-94",2018,"P48","S_4/7","TS1","TS","Ble_H","Yes","Yes","D","Yes","Yes","1",0.778491477597389,27369,27369,3289,270,51,22,7392,"Tilled",1,0.00986517592897073,0.000803829149767986,0.270086594322043,TRUE
"2020-75",2020,"P45","S_5/7","TS1","TS","Solnu","Yes","Yes","D","Yes","No","5",0.287976227233796,20802,20802,2706,207,33,0,4681,"Tilled",0,0.00995096625324488,0,0.225026439765407,FALSE
"2019-122",2019,"P37","S_4/10","SD2","MIX","Solnu","Yes","Yes","C","Yes","No","2",1.43855997273478,26728,26728,2917,363,32,0,7418,"No-till",0,0.0135812630948818,0,0.277536665668961,FALSE
"2019-31",2019,"P44","S_1/5","TS1","TS","Orge_P","Yes","Yes","D","Yes","No","2",-0.881047201125199,17127,17127,2440,162,23,0,4125,"Tilled",0,0.00945874934314241,0,0.240847784200385,FALSE
"2019-66",2019,"P21","S_5/6","SD1","SD","Solnu","Yes","Yes","C","Yes","No","2",1.02531676079867,20643,20643,2536,349,22,0,5267,"No-till",0,0.0169064573947585,0,0.255147023203992,FALSE
"2021-109",2021,"P21","S_5/6","SD1","SD","Orge_P_/_Pois_P","No","No","A","Yes","No","2",1.02531676079867,16822,16822,2309,230,37,0,4393,"No-till",0,0.0136725716323862,0,0.261146118178576,FALSE
"2018-22",2018,"P32","S_3/6","SD2","MIX","Orge_H","Yes","Yes","C","Yes","Yes","7",0.302842901281004,29877,29877,3372,342,65,16,8991,"No-till",1,0.011446932422934,0.000535529002242528,0.30093382869766,TRUE
"2020-8",2020,"P30","S_3/6","SD1","MIX","Orge_P_/_Pois_P","No","No","A","Yes","No","3",0.592575165257699,25152,25152,3023,256,37,26,7386,"No-till",1,0.0101781170483461,0.00103371501272265,0.293654580152672,FALSE
"2019-89",2019,"P14","S_5/6","TS2","MIX","Lupin_P","Yes","Yes","D","No","No","2",-0.690392612828321,85010,85010,2302,513,503,1,21685,"Tilled",1,0.00603458416656864,1.17633219621221e-05,0.255087636748618,FALSE
"2020-110",2020,"P1","S_4/6","TS1","MIX","Solnu","Yes","Yes","D","Yes","No","2",-0.0637867012169833,17827,17827,2749,251,35,0,4354,"Tilled",0,0.0140797666460986,0,0.244236270825153,FALSE
"2020-44",2020,"P41","S_3/5","TS2","TS","Ble_H_/_Pois_H","Yes","Yes","D","No","No","2",-0.285464732683778,17591,17591,2322,209,33,0,5150,"Tilled",0,0.0118810755499972,0,0.292763344892274,FALSE
"2020-135",2020,"P24","S_1/6","SD2","SD","Colza","No","Yes","B","Yes","No","7",0.850525928486039,23831,23831,2725,237,64,0,6201,"No-till",0,0.00994502958331585,0,0.260207293021694,FALSE
"2020-27",2020,"P37","S_3/10","SD2","MIX","Ble_H_/_Feverole_H","No","Yes","B","Yes","No","2",0.240813663311943,20756,20756,2867,207,30,0,5096,"No-till",0,0.00997301984968202,0,0.245519367893621,FALSE
"2020-57",2020,"P8","S_7/9","SD2","MIX","Orge_P_/_Pois_P","No","Yes","B","Yes","No","2",-0.959443159333515,20207,20207,2857,267,39,15,4795,"No-till",1,0.0132132429356164,0.000742317018854852,0.237294007027268,FALSE
"2021-39",2021,"P16","S_3/6","SD1","SD","Colza","No","No","A","Yes","No","1",0.351715205297682,18608,18608,2588,226,18,0,5073,"No-till",0,0.0121453138435082,0,0.27262467755804,FALSE
"2021-139",2021,"P29","S_2/7","TS2","TS","Feverole_H","Yes","Yes","D","No","No","1",1.11009363840107,17937,17937,2473,203,36,0,5846,"Tilled",0,0.0113173886380108,0,0.325918492501533,FALSE
"2020-164",2020,"P18","S_7/7","SD1","SD","Solnu","No","No","A","Yes","No","5",-0.103873732476047,24186,24186,2930,260,29,0,6607,"No-till",0,0.0107500206731167,0,0.273174563797238,FALSE
"2019-106",2019,"P27","S_6/7","SD2","SD","Ble_H_/_Feverole_H","Yes","Yes","C","Yes","No","1",-0.175071388118511,31705,31705,2192,403,110,0,10666,"No-till",0,0.0127109288755717,0,0.336413814855701,FALSE
"2021-57",2021,"P20","S_6/6","SD1","SD","Solnu","No","No","A","Yes","No","7",1.05741385056732,11541,11541,2087,182,39,0,3737,"No-till",0,0.0157698639632614,0,0.323802096872021,FALSE
"2020-152",2020,"P14","S_5/6","TS2","MIX","Moutarde_H","Yes","Yes","D","No","No","2",-0.690392612828321,22040,22040,2630,286,35,0,6483,"Tilled",0,0.0129764065335753,0,0.294147005444646,FALSE
"2018-20",2018,"P30","S_5/6","SD1","MIX","Ble_H","Yes","Yes","C","Yes","Yes","1",-0.0417277723487293,25062,25062,3214,280,35,10,7295,"No-till",1,0.0111722927140691,0.000399010454073897,0.291078126246908,TRUE
"2020-111",2020,"P1","S_6/6","TS1","MIX","Solnu","Yes","Yes","D","Yes","No","2",0.0740998464085036,20263,20263,2935,273,47,0,4978,"Tilled",0,0.0134728322558358,0,0.24566944677491,FALSE
"2021-14",2021,"P9","S_2/9","TS1","MIX","Moutarde_H","Yes","Yes","D","Yes","No","2",-1.41722082732043,17081,17081,2422,226,22,0,5378,"Tilled",0,0.0132310754639658,0,0.314852760377027,FALSE
"2021-117",2021,"P23","S_5/5","SD2","SD","Orge_P_/_Pois_P","No","Yes","B","Yes","No","2",0.74967223042246,11838,11838,2036,179,26,0,3016,"No-till",0,0.0151207974319986,0,0.254772765669877,FALSE
"2019-14",2019,"P39","S_8/9","TS2","TS","Ble_H_/_Feverole_H","Yes","Yes","D","No","No","2",-0.0331696545426073,23082,23082,2540,203,23,0,7039,"Tilled",0,0.00879473182566502,0,0.304956242959882,FALSE
"2021-97",2021,"P47","S_3/8","TS1","TS","Feverole_H","Yes","Yes","D","Yes","No","1",4.77963741887619,23252,23252,2516,284,63,0,7012,"Tilled",0,0.0122140030965078,0,0.301565456734905,FALSE
"2019-68",2019,"P1","S_4/6","TS1","MIX","Ble_H","Yes","Yes","D","Yes","No","2",-0.0637867012169833,22143,22143,2258,257,55,0,5542,"Tilled",0,0.0116063767330533,0,0.250282256243508,FALSE
"2019-3",2019,"P49","S_2/7","TS1","TS","Moutarde_H","Yes","Yes","D","Yes","No","3",-0.261475314598216,15078,15078,2248,200,42,0,4439,"Tilled",0,0.0132643586682584,0,0.294402440641995,FALSE
"2019-116",2019,"P32","S_4/6","SD2","MIX","Colza","Yes","Yes","C","Yes","No","2",-0.645818091355481,15204,15204,2330,270,34,0,3642,"No-till",0,0.0177584846093133,0,0.239542225730071,FALSE
"2021-36",2021,"P14","S_4/6","TS2","MIX","Ble_H_/_Pois_H","Yes","Yes","D","No","No","7",0.531132737606112,17947,17947,2481,234,35,1,5210,"Tilled",1,0.0130383908174068,5.57196188778069e-05,0.290299214353374,FALSE
"2021-59",2021,"P21","S_3/6","SD1","SD","Orge_P_/_Pois_P","No","No","A","Yes","No","2",-0.0473191370858659,21982,21982,2481,247,43,0,6645,"No-till",0,0.0112364661996179,0,0.302292785005914,FALSE
"2021-32",2021,"P13","S_5/7","SD1","MIX","Ble_H","No","No","A","Yes","No","7",0.0422156276114802,16248,16248,2578,188,58,0,4618,"No-till",0,0.0115706548498277,0,0.284219596258001,FALSE
"2021-15",2021,"P9","S_4/9","TS1","MIX","Moutarde_H","Yes","Yes","D","Yes","No","2",-1.56398487750631,16433,16433,2322,206,34,0,4782,"Tilled",0,0.0125357512322765,0,0.290999817440516,FALSE
"2020-37",2020,"P39","S_7/9","TS2","TS","Colza","Yes","Yes","D","No","No","2",-1.31067533576441,21317,21317,2649,165,25,0,5970,"Tilled",0,0.00774030116808181,0,0.280058169536051,FALSE
"2021-73",2021,"P41","S_2/5","TS2","TS","Solnu","Yes","Yes","D","No","No","2",-0.694497655577702,20003,20003,2761,285,34,0,6233,"Tilled",0,0.0142478628205769,0,0.311603259511073,FALSE
"2020-6",2020,"P49","S_5/7","TS1","TS","Ble_H","Yes","Yes","D","Yes","No","7",0.536683145839611,23253,23253,2982,256,57,28,6696,"Tilled",1,0.0110093321291876,0.0012041457016299,0.287962843504064,FALSE
"2021-49",2021,"P18","S_7/7","SD1","SD","Ble_H_/_Feverole_H","No","No","A","Yes","No","5",-0.103873732476047,26680,26680,2961,307,39,0,8113,"No-till",0,0.0115067466266867,0,0.304085457271364,FALSE
"2019-93",2019,"P17","S_6/6","SD1","SD","Colza","Yes","Yes","C","Yes","No","3",-2.12170360128585,25441,25441,2486,209,20,0,6403,"No-till",0,0.0082150858849888,0,0.251680358476475,FALSE
"2018-33",2018,"P17","S_6/6","SD1","SD","Orge_H","Yes","Yes","C","Yes","Yes","3",-2.12170360128585,25769,25769,2941,270,24,8,6260,"No-till",1,0.0104777057704994,0.000310450541348131,0.242927548604913,TRUE
"2018-9",2018,"P12","S_2/7","TS2","MIX","Feverole_P","Yes","Yes","D","Yes","Yes","7",2.47895884887895,29117,29117,3370,385,71,23,8091,"Tilled",1,0.0132225160559124,0.000789916543599959,0.277878902359446,TRUE
"2018-87",2018,"P44","S_2/5","TS1","TS","Moutarde_H","Yes","Yes","D","Yes","Yes","3",-1.26631371784298,24071,24071,3013,168,21,17,5894,"Tilled",1,0.00697935274812014,0.000706244028083586,0.244858958913215,TRUE
"2018-130",2018,"P43","S_3/3","TS1","TS","Ble_H","Yes","Yes","D","Yes","Yes","2",-1.61264971512259,21058,21058,2779,184,26,8,4497,"Tilled",1,0.00873777186817362,0.000379903124703201,0.213553043973787,TRUE
"2018-71",2018,"P7","S_7/8","TS2","MIX","Orge_P","Yes","Yes","D","Yes","Yes","3",-2.06700620819492,21629,21629,3095,228,42,13,5746,"Tilled",1,0.0105414027463128,0.000601044893430117,0.265661842896112,TRUE
"2019-19",2019,"P41","S_2/5","TS2","TS","Moutarde_H","Yes","Yes","D","No","No","2",-0.694497655577702,23433,23433,2776,346,88,0,6946,"Tilled",0,0.0147655016429821,0,0.296419579225878,FALSE
"2020-162",2020,"P18","S_4/7","SD1","SD","Solnu","No","No","A","Yes","No","5",-1.02689345419205,25521,25521,2925,259,50,0,7222,"No-till",0,0.0101485051526194,0,0.282982641746013,FALSE
"2020-106",2020,"P29","S_4/7","TS2","TS","Ble_H_/_Pois_H","Yes","Yes","D","No","No","7",1.70428173612486,21992,21992,2735,354,67,0,6559,"Tilled",0,0.016096762459076,0,0.298244816296835,FALSE
"2018-48",2018,"P22","S_3/6","SD2","SD","Ble_H","Yes","Yes","C","Yes","Yes","2",1.66569801473393,31185,31185,3397,306,76,33,8682,"No-till",1,0.00981240981240981,0.00105820105820106,0.278403078403078,TRUE
"2021-2",2021,"P6","S_3/9","SD2","MIX","Orge_H","No","Yes","B","Yes","No","3",-2.9979060762135,20959,20959,2543,303,50,2,4972,"No-till",1,0.0144567966028914,9.54244000190849e-05,0.237225058447445,FALSE
"2021-62",2021,"P1","S_3/6","TS1","MIX","Lupin_P","Yes","Yes","D","Yes","No","2",-0.672234238980768,21423,21423,2727,250,40,0,6322,"Tilled",0,0.0116697007888718,0,0.295103393548989,FALSE
"2018-99",2018,"P37","S_6/10","SD2","MIX","Pois_P","Yes","Yes","C","Yes","Yes","2",0.630590207257275,20405,20405,3047,192,35,7,4863,"No-till",1,0.00940945846606224,0.000343053173241852,0.238323940210733,TRUE
"2021-142",2021,"P30","S_2/6","SD1","MIX","Colza","No","No","A","Yes","No","7",2.9687234415722,14222,14222,2258,193,32,0,4450,"No-till",0,0.0135705245394459,0,0.312895513992406,FALSE
"2019-109",2019,"P29","S_4/7","TS2","TS","Colza","Yes","Yes","D","No","No","7",1.70428173612486,25000,25000,2922,476,43,0,6975,"Tilled",0,0.01904,0,0.279,FALSE
"2018-46",2018,"P20","S_5/6","SD1","SD","Solnu","Yes","Yes","C","Yes","Yes","7",-0.621991554189309,26433,26433,3131,261,74,10,7368,"No-till",1,0.00987402110997617,0.000378314985056558,0.278742480989672,TRUE
"2019-65",2019,"P21","S_4/6","SD1","SD","Solnu","Yes","Yes","C","Yes","No","2",-0.700067739643303,20017,20017,2757,285,67,0,4639,"No-till",0,0.0142378977868812,0,0.23175300994155,FALSE
"2020-53",2020,"P7","S_7/8","TS2","MIX","Lupin_P","Yes","Yes","D","No","No","3",-2.06700620819492,16010,16010,2505,201,36,0,4245,"Tilled",0,0.0125546533416615,0,0.265146783260462,FALSE
"2021-26",2021,"P12","S_2/7","TS2","MIX","Ble_H","Yes","Yes","D","No","No","7",2.47895884887895,15019,15019,2306,193,29,0,4732,"Tilled",0,0.0128503895066249,0,0.315067581063986,FALSE
"2021-164",2021,"P37","S_6/10","SD2","MIX","Orge_P_/_Pois_P","No","Yes","B","Yes","No","2",0.630590207257275,14245,14245,2447,199,24,0,3589,"No-till",0,0.013969813969814,0,0.251948051948052,FALSE
"2018-107",2018,"P9","S_9/9","TS1","MIX","Avoine_P","Yes","Yes","D","Yes","Yes","3",-2.39554982924635,13856,13856,2341,159,26,0,3440,"Tilled",0,0.0114751732101617,0,0.248267898383372,TRUE
"2021-74",2021,"P41","S_3/5","TS2","TS","Solnu","Yes","Yes","D","No","No","2",-0.285464732683778,24970,24970,2660,259,38,0,8224,"Tilled",0,0.0103724469363236,0,0.329355226271526,FALSE
"2021-16",2021,"P9","S_5/9","TS1","MIX","Moutarde_H","Yes","Yes","D","Yes","No","2",-1.71343461214841,16929,16929,2521,219,20,1,4573,"Tilled",1,0.012936381357434,5.9070234508831e-05,0.270128182408884,FALSE
"2019-47",2019,"P48","S_2/7","TS1","TS","Solnu","Yes","Yes","D","Yes","No","2",-0.602960991917973,16400,16400,2419,200,30,0,4651,"Tilled",0,0.0121951219512195,0,0.28359756097561,FALSE
"2021-155",2021,"P33","S_3/6","TS1","MIX","Solnu","Yes","Yes","D","Yes","No","2",1.37918964953211,19006,19006,2489,221,57,0,6155,"Tilled",0,0.0116279069767442,0,0.32384510154688,FALSE
"2019-133",2019,"P18","S_6/7","SD1","SD","Ble_H","Yes","Yes","C","Yes","No","3",-1.57138282076925,30241,30241,2690,362,24,0,6784,"No-till",0,0.011970503620912,0,0.224331205978638,FALSE
"2021-146",2021,"P31","S_1/7","TS1","MIX","Ble_H","Yes","Yes","D","Yes","No","3",-2.15525194139179,23228,23228,2531,275,44,0,7322,"Tilled",0,0.0118391596349234,0,0.315223006716032,FALSE
"2018-35",2018,"P18","S_4/7","SD1","SD","Ble_H","Yes","Yes","C","Yes","Yes","5",-1.02689345419205,32954,32954,3209,262,56,7,8924,"No-till",1,0.0079504764216787,0.000212417308976149,0.270801723614736,TRUE
"2021-100",2021,"P47","S_6/8","TS1","TS","Feverole_H","Yes","Yes","D","Yes","No","2",2.48690303826331,14540,14540,2179,169,28,0,4278,"Tilled",0,0.0116231086657497,0,0.294222833562586,FALSE
"2021-108",2021,"P49","S_5/7","TS1","TS","Solnu","Yes","Yes","D","Yes","No","7",0.536683145839611,15075,15075,2111,170,26,0,4045,"Tilled",0,0.0112769485903814,0,0.26832504145937,FALSE
"2020-42",2020,"P40","S_7/8","TS2","TS","Ble_H","Yes","Yes","D","No","No","2",-1.8818138705149,27308,27308,2946,340,59,0,7351,"Tilled",0,0.0124505639373077,0,0.269188516185733,FALSE
"2021-28",2021,"P12","S_4/7","TS2","MIX","Ble_H","Yes","Yes","D","No","No","1",-0.231061886066831,12549,12549,2203,158,14,1,3914,"Tilled",1,0.0125906446728823,7.96876245119133e-05,0.311897362339629,FALSE
"2020-117",2020,"P11","S_4/7","SD1","MIX","Ble_H_/_Feverole_H","No","No","A","Yes","No","7",-0.40543904675287,13563,13563,2446,192,31,9,3552,"No-till",1,0.0141561601415616,0.0006635700066357,0.26188896261889,FALSE
"2019-153",2019,"P28","S_3/10","TS2","TS","Ble_H_/_Pois_H","Yes","Yes","D","No","No","7",1.19524692642895,19191,19191,2637,230,89,0,5379,"Tilled",0,0.0119847845344172,0,0.280287634828826,FALSE
"2018-64",2018,"P49","S_4/7","TS1","TS","Ble_H","Yes","Yes","D","Yes","Yes","7",1.08553226545518,27335,27335,3043,261,62,19,7890,"Tilled",1,0.00954819828059265,0.000695079568319005,0.28864093652826,TRUE
"2019-97",2019,"P23","S_1/5","SD2","SD","Solnu","Yes","Yes","C","Yes","No","7",1.57020761862273,21584,21584,2680,239,36,0,6695,"No-till",0,0.0110730170496664,0,0.310183469236471,FALSE
"2019-1",2019,"P48","S_4/7","TS1","TS","Solnu","Yes","Yes","D","Yes","No","1",0.778491477597389,20308,20308,2564,259,34,0,5035,"Tilled",0,0.0127535946425054,0,0.247931849517432,FALSE
"2020-34",2020,"P38","S_8/11","TS2","TS","Solnu","Yes","Yes","D","No","No","2",-0.699324004323495,27016,27016,2955,288,36,1,6777,"Tilled",1,0.0106603494225644,3.7015102161682e-05,0.250851347349719,FALSE
"2020-64",2020,"P42","S_3/5","TS2","TS","Ble_H_/_Feverole_H","Yes","Yes","D","No","No","2",-0.922373879179854,23589,23589,2712,206,25,25,6240,"Tilled",1,0.00873288397134257,0.00105981601593963,0.264530077578532,FALSE
"2021-135",2021,"P28","S_4/10","TS2","TS","Ble_H","Yes","Yes","D","No","No","7",4.24923020456116,13682,13682,2137,216,43,0,3915,"Tilled",0,0.0157871656190615,0,0.28614237684549,FALSE
"2019-59",2019,"P16","S_6/6","SD1","SD","Lin_H","Yes","Yes","C","Yes","No","1",0.830129440426399,16556,16556,2576,254,31,0,4421,"No-till",0,0.0153418700169123,0,0.267033099782556,FALSE
"2020-15",2020,"P32","S_1/6","SD2","MIX","Orge_H","No","Yes","B","Yes","No","2",0.789053647192231,31089,31089,3128,340,64,0,10154,"No-till",0,0.0109363440445174,0,0.326610698317733,FALSE
"2021-118",2021,"P24","S_1/6","SD2","SD","Orge_H","No","Yes","B","Yes","No","7",0.850525928486039,18309,18309,2456,211,45,0,5368,"No-till",0,0.0115243869135398,0,0.293189141952045,FALSE
"2021-157",2021,"P33","S_5/6","TS1","MIX","Solnu","Yes","Yes","D","Yes","No","2",-1.7067911279125,29872,29872,3006,181,98,0,6150,"Tilled",0,0.00605918585966792,0,0.205878414568827,FALSE
"2018-39",2018,"P19","S_3/7","SD1","SD","Solnu","Yes","Yes","C","Yes","Yes","7",-0.85045719590945,27733,27733,3271,317,55,16,7828,"No-till",1,0.0114304258464645,0.000576930011178019,0.282263007968846,TRUE
"2019-22",2019,"P41","S_5/5","TS2","TS","Moutarde_H","Yes","Yes","D","No","No","2",-0.438975327187724,21882,21882,2675,239,58,1,6899,"Tilled",1,0.0109222191755781,4.56996618225025e-05,0.315281966913445,FALSE
"2021-138",2021,"P29","S_1/7","TS2","TS","Feverole_H","Yes","Yes","D","No","No","7",4.43319053047014,23761,23761,2607,272,64,0,8392,"Tilled",0,0.0114473296578427,0,0.353183788561088,FALSE
"2018-148",2018,"P16","S_4/6","SD1","SD","Orge_P","Yes","Yes","C","Yes","Yes","3",-1.11488328161643,27867,27867,2758,232,33,3,6502,"No-till",1,0.00832525926723364,0.000107654214662504,0.233322567911867,TRUE
"2020-58",2020,"P9","S_2/9","TS1","MIX","Lupin_P","Yes","Yes","D","Yes","No","2",-1.41722082732043,21504,21504,2849,296,51,8,5871,"Tilled",1,0.013764880952381,0.00037202380952381,0.273018973214286,FALSE
"2018-38",2018,"P19","S_2/7","SD1","SD","Solnu","Yes","Yes","C","Yes","Yes","7",0.103275851017592,30750,30750,3473,284,52,25,8186,"No-till",1,0.00923577235772358,0.000813008130081301,0.266211382113821,TRUE
"2021-11",2021,"P8","S_5/9","SD2","MIX","Colza","No","Yes","B","Yes","No","3",-1.61139755038596,17901,17901,2507,249,66,0,4959,"No-till",0,0.0139098374392492,0,0.277023629964806,FALSE
"2018-139",2018,"P47","S_4/8","TS1","TS","Pois_P","Yes","Yes","D","Yes","Yes","8",4.56371084658692,22379,22379,2842,274,61,3,6288,"Tilled",1,0.0122436212520667,0.000134054247285401,0.280977702310202,TRUE
"2019-54",2019,"P13","S_5/7","SD1","MIX","Orge_P_/_Pois_P","Yes","Yes","C","Yes","No","7",0.0422156276114802,14166,14166,2265,197,33,0,3579,"No-till",0,0.0139065367782013,0,0.252647183396866,FALSE
"2020-65",2020,"P42","S_5/5","TS2","TS","Ble_H_/_Feverole_H","Yes","Yes","D","No","No","2",-0.3880476334134,17745,17745,2505,184,18,7,4314,"Tilled",1,0.0103691180614258,0.000394477317554241,0.243110735418428,FALSE
"2021-99",2021,"P47","S_5/8","TS1","TS","Feverole_H","Yes","Yes","D","Yes","No","8",4.93738277096915,18166,18166,2454,226,58,0,5320,"Tilled",0,0.0124408235164593,0,0.292854783661786,FALSE
"2018-3",2018,"P10","S_5/8","SD1","MIX","Orge_H","Yes","Yes","C","Yes","Yes","3",-1.9638293893314,25111,25111,3073,311,43,12,5970,"No-till",1,0.012385010553144,0.000477878220700092,0.237744414798296,TRUE
"2018-156",2018,"P25","S_4/7","SD2","SD","Ble_H","Yes","Yes","C","Yes","Yes","5",-2.80047787552612,21665,21665,2900,213,56,5,6217,"No-till",1,0.00983152550196169,0.000230786983614124,0.286960535425802,TRUE
"2021-144",2021,"P30","S_4/6","SD1","MIX","Colza","No","No","A","Yes","No","1",0.466446512914191,16073,16073,2353,242,24,0,4725,"No-till",0,0.0150563056056741,0,0.293971256143844,FALSE
"2020-165",2020,"P19","S_2/7","SD1","SD","Colza","No","No","A","Yes","No","7",0.103275851017592,22012,22012,2881,265,31,0,5721,"No-till",0,0.0120388878793385,0,0.259903688896965,FALSE
"2019-51",2019,"P11","S_5/7","SD1","MIX","Solnu","Yes","Yes","C","Yes","No","7",1.02204725961927,15683,15683,2423,275,34,0,4512,"No-till",0,0.0175349104125486,0,0.28770005738698,FALSE
"2019-2",2019,"P48","S_5/7","TS1","TS","Solnu","Yes","Yes","D","Yes","No","2",1.73258687163553,25032,25032,2784,330,57,0,6621,"Tilled",0,0.013183125599233,0,0.264501438159156,FALSE
"2020-30",2020,"P37","S_7/10","SD2","MIX","Ble_H_/_Feverole_H","No","Yes","B","Yes","No","2",-0.119209739961695,25983,25983,2839,271,21,0,7013,"No-till",0,0.0104298964707693,0,0.269907247046146,FALSE
"2020-83",2020,"P47","S_4/8","TS1","TS","Orge_P","Yes","Yes","D","Yes","No","8",4.56371084658692,23269,23269,2697,256,42,1,5940,"Tilled",1,0.0110017620009455,4.29756328161932e-05,0.255275258928188,FALSE
"2021-136",2021,"P28","S_5/10","TS2","TS","Ble_H","Yes","Yes","D","No","No","7",4.02203004059865,14572,14572,2286,196,48,0,4476,"Tilled",0,0.0134504529234148,0,0.307164424924513,FALSE
"2018-91",2018,"P47","S_5/8","TS1","TS","Pois_P","Yes","Yes","D","Yes","Yes","8",4.93738277096915,13156,13156,2275,157,33,3,3298,"Tilled",1,0.0119337184554576,0.000228032836728489,0.250684098510185,TRUE
"2020-69",2020,"P43","S_ajout","TS1","TS","Colza","Yes","Yes","D","Yes","No","2",-1.12721154657094,19591,19591,2299,150,18,0,4447,"Tilled",0,0.00765657699964269,0,0.226991986116074,FALSE
"2018-73",2018,"P39","S_8/9","TS2","TS","Ble_H","Yes","Yes","D","Yes","Yes","2",-0.0331696545426073,31315,31315,3217,331,47,5,7879,"Tilled",1,0.0105700143701102,0.000159667890787163,0.251604662302411,TRUE
"2018-86",2018,"P44","S_1/5","TS1","TS","Moutarde_H","Yes","Yes","D","Yes","Yes","2",-0.881047201125199,29828,29828,3375,272,50,26,6113,"Tilled",1,0.00911894863886281,0.000871664208126592,0.204941665549148,TRUE
"2018-28",2018,"P38","S_4/11","TS2","TS","Solnu","Yes","Yes","D","Yes","Yes","2",-0.999971899144495,25055,25055,3112,283,26,6,5727,"Tilled",1,0.0112951506685292,0.00023947315905009,0.228577130313311,TRUE
"2019-114",2019,"P31","S_6/7","TS1","MIX","Lupin_P","Yes","Yes","D","Yes","No","3",-2.43504021006708,15292,15292,2428,189,52,0,4104,"Tilled",0,0.0123594036097306,0,0.268375621239864,FALSE
"2018-78",2018,"P41","S_2/5","TS2","TS","Ble_H","Yes","Yes","D","Yes","Yes","2",-0.694497655577702,25840,25840,3267,406,42,18,6570,"Tilled",1,0.0157120743034056,0.000696594427244582,0.254256965944272,TRUE
"2018-66",2018,"P6","S_3/9","SD2","MIX","Lin_H","Yes","Yes","C","Yes","Yes","3",-2.9979060762135,33570,33570,3061,468,64,9,8160,"No-till",1,0.013941018766756,0.000268096514745308,0.24307417336908,TRUE
"2018-89",2018,"P44","S_4/5","TS1","TS","Moutarde_H","Yes","Yes","D","Yes","Yes","2",0.111824299380213,32121,32121,3465,281,43,10,7743,"Tilled",1,0.00874817097848759,0.000311322810622334,0.241057252264873,TRUE
"2018-37",2018,"P18","S_7/7","SD1","SD","Ble_H","Yes","Yes","C","Yes","Yes","5",-0.103873732476047,24068,24068,3159,247,34,10,6437,"No-till",1,0.010262589330231,0.000415489446568057,0.267450556755858,TRUE
"2021-44",2021,"P17","S_3/6","SD1","SD","Ble_H","No","No","A","Yes","No","3",-1.6958730754273,17876,17876,2283,162,21,0,5777,"No-till",0,0.00906243007384202,0,0.323170731707317,FALSE
"2018-123",2018,"P33","S_3/6","TS1","MIX","Ble_H","Yes","Yes","D","Yes","Yes","2",1.37918964953211,23159,23159,2808,252,56,7,7711,"Tilled",1,0.0108812988471005,0.000302258301308347,0.332959108769809,TRUE
"2018-137",2018,"P46","S_6/6","TS1","TS","Ble_H","Yes","Yes","D","Yes","Yes","1",1.40863853675206,28483,28483,3006,275,32,4,7213,"Tilled",1,0.0096548818593547,0.000140434645226977,0.253238774005547,TRUE
"2018-19",2018,"P30","S_4/6","SD1","MIX","Ble_H","Yes","Yes","C","Yes","Yes","1",0.466446512914191,24265,24265,2931,331,43,9,7278,"No-till",1,0.0136410467751906,0.000370904595095817,0.299938182567484,TRUE
"2020-149",2020,"P14","S_2/6","TS2","MIX","Moutarde_H","Yes","Yes","D","No","No","3",-1.04756416209161,26768,26768,2992,366,38,0,7630,"Tilled",0,0.0136730424387328,0,0.285041841004184,FALSE
"2020-67",2020,"P43","S_2/3","TS1","TS","Colza","Yes","Yes","D","Yes","No","2",-1.81552521947616,20420,20420,2874,212,31,25,4810,"Tilled",1,0.0103819784524976,0.00122428991185113,0.235553379040157,FALSE
"2021-58",2021,"P21","S_2/6","SD1","SD","Orge_P_/_Pois_P","No","No","A","Yes","No","6",-0.703431434811818,21362,21362,2488,273,55,0,6707,"No-till",0,0.0127797022750679,0,0.313968729519708,FALSE
"2020-119",2020,"P20","S_3/6","SD1","SD","Ble_H","No","No","A","Yes","No","7",0.257844164133736,26142,26142,3237,346,47,34,6942,"No-till",1,0.0132354066253538,0.00130058909035269,0.265549690153776,FALSE
"2021-161",2021,"P34","S_4/4","TS2","MIX","Lupin_P","Yes","Yes","D","No","No","5",1.21136715827359,23383,23383,2673,257,61,0,7680,"Tilled",0,0.0109908908181157,0,0.328443741179489,FALSE
"2020-41",2020,"P40","S_6/8","TS2","TS","Ble_H","Yes","Yes","D","No","No","2",-1.75086966109078,34263,34263,3176,355,33,1,8585,"Tilled",1,0.0103610308496045,2.91860023932522e-05,0.25056183054607,FALSE
"2019-162",2019,"P32","S_3/6","SD2","MIX","Colza","Yes","Yes","C","Yes","No","7",0.302842901281004,40177,40177,2085,435,129,0,11264,"No-till",0,0.0108270901261916,0,0.280359409612465,FALSE
"2020-103",2020,"P28","S_6/10","TS2","TS","Solnu","Yes","Yes","D","No","No","1",2.87678816803851,21882,21882,2686,273,56,1,6181,"Tilled",1,0.0124760076775432,4.56996618225025e-05,0.282469609724888,FALSE
"2021-123",2021,"P25","S_4/7","SD2","SD","Ble_H_/_Feverole_H","No","Yes","B","Yes","No","5",-2.80047787552612,16088,16088,2405,182,56,0,4599,"No-till",0,0.0113127797115863,0,0.285865241173546,FALSE
"2018-72",2018,"P8","S_6/9","SD2","MIX","Moutarde_H","Yes","Yes","C","Yes","Yes","3",-1.47024069279798,23327,23327,3308,282,38,68,5071,"No-till",1,0.0120889955845158,0.00291507694945771,0.217387576627942,TRUE
"2019-25",2019,"P42","S_3/5","TS2","TS","Pois_Chiche","Yes","Yes","D","No","No","2",-0.922373879179854,24589,24589,2426,309,35,0,6077,"Tilled",0,0.0125665948188214,0,0.247143031436821,FALSE
"2019-52",2019,"P12","S_5/7","TS2","MIX","Ble_H_/_Pois_H","Yes","Yes","D","No","No","7",2.27736560573671,12272,12272,2150,162,20,0,3643,"Tilled",0,0.0132007822685789,0,0.296854628422425,FALSE
"2018-31",2018,"P39","S_6/9","TS2","TS","Ble_H","Yes","Yes","D","Yes","Yes","2",-0.27020360245875,20997,20997,2884,262,24,14,5858,"Tilled",1,0.0124779730437682,0.000666761918369291,0.278992236986236,TRUE
"2019-37",2019,"P45","S_6/7","TS1","TS","Ble_H","Yes","Yes","D","Yes","No","5",0.766466384193789,19549,19549,2562,234,16,2,4870,"Tilled",1,0.0119699217351271,0.000102307023377155,0.249117601923372,FALSE
"2021-53",2021,"P19","S_7/7","SD1","SD","Ble_H","No","No","A","Yes","No","7",0.757462496936714,29767,29767,2994,246,40,0,10777,"No-till",0,0.00826418517149864,0,0.362045217858703,FALSE
"2018-131",2018,"P45","S_4/7","TS1","TS","Solnu","Yes","Yes","D","Yes","Yes","5",-0.96828875225511,27726,27726,3147,360,50,8,5795,"Tilled",1,0.0129842025535598,0.000288537834523552,0.209009593882998,TRUE
"2019-91",2019,"P17","S_2/6","SD1","SD","Colza","Yes","Yes","C","Yes","No","3",-2.25483733852506,23288,23288,2597,268,19,0,6068,"No-till",0,0.0115080728272071,0,0.26056338028169,FALSE
"2021-167",2021,"P38","S_5/11","TS2","TS","Ble_H_/_Feverole_H","Yes","Yes","D","No","No","2",-1.27259173362397,23278,23278,2557,203,4,0,2096,"Tilled",0,0.00872068047083083,0,0.0900420998367557,FALSE
"2021-76",2021,"P41","S_5/5","TS2","TS","Solnu","Yes","Yes","D","No","No","2",-0.438975327187724,18644,18644,2504,248,24,0,5867,"Tilled",0,0.013301866552242,0,0.314685689766145,FALSE
"2021-151",2021,"P32","S_2/6","SD2","MIX","Ble_H","No","Yes","B","Yes","No","2",0.763683512079939,17590,17590,2542,183,41,0,5146,"No-till",0,0.0104036384309267,0,0.292552586696987,FALSE
"2019-57",2019,"P16","S_2/6","SD1","SD","Lin_H","Yes","Yes","C","Yes","No","3",-1.07039277030963,19900,19900,2614,315,21,0,4599,"No-till",0,0.0158291457286432,0,0.231105527638191,FALSE
"2019-38",2019,"P45","S_7/7","TS1","TS","Ble_H","Yes","Yes","D","Yes","No","5",-0.527491113771388,60090,60090,1688,535,121,0,14425,"Tilled",0,0.00890331169911799,0,0.240056581793976,FALSE
"2020-146",2020,"P13","S_2/7","SD1","MIX","Colza","No","No","A","Yes","No","2",-0.313995045504945,29208,29208,3022,366,66,0,8490,"No-till",0,0.0125308134757601,0,0.290673788003287,FALSE
"2018-153",2018,"P24","S_2/6","SD2","SD","Ble_H","Yes","Yes","C","Yes","Yes","7",3.01987597082658,16659,16659,2520,149,39,18,5140,"No-till",1,0.00894411429257458,0.00108049702863317,0.308541929287472,TRUE
"2018-75",2018,"P40","S_5/8","TS2","TS","Ble_H","Yes","Yes","D","Yes","Yes","3",-1.75224881822305,20883,20883,2913,330,99,7,5004,"Tilled",1,0.0158023272518316,0.000335200881099459,0.239620744145956,TRUE
"2019-58",2019,"P16","S_3/6","SD1","SD","Lin_H","Yes","Yes","C","Yes","No","1",0.351715205297682,20301,20301,2839,267,24,0,5216,"No-till",0,0.0131520614748042,0,0.256933156002167,FALSE
"2019-108",2019,"P29","S_2/7","TS2","TS","Colza","Yes","Yes","D","No","No","1",1.11009363840107,17623,17623,2453,199,70,0,5783,"Tilled",0,0.011292061510526,0,0.328150712137548,FALSE
"2020-168",2020,"P19","S_7/7","SD1","SD","Colza","No","No","A","Yes","No","7",0.757462496936714,21381,21381,2845,206,46,0,6535,"No-till",0,0.00963472241709929,0,0.305645199008465,FALSE
"2021-1",2021,"P1","S_6/6","TS1","MIX","Lupin_P","Yes","Yes","D","Yes","No","2",0.0740998464085036,14494,14494,2345,300,29,0,2752,"Tilled",0,0.020698219953084,0,0.189871671036291,FALSE
"2021-72",2021,"P40","S_7/8","TS2","TS","Solnu","Yes","Yes","D","No","No","2",-1.8818138705149,21802,21802,2623,248,27,0,5796,"Tilled",0,0.0113751032015411,0,0.265847169984405,FALSE
"2018-27",2018,"P34","S_4/4","TS2","MIX","Solnu","Yes","Yes","D","Yes","Yes","5",1.21136715827359,19984,19984,2579,242,49,6,6538,"Tilled",1,0.0121096877502002,0.000300240192153723,0.327161729383507,TRUE
"2020-78",2020,"P46","S_3/6","TS1","TS","Orge_H","Yes","Yes","D","Yes","No","7",2.55469654608952,18072,18072,2350,144,21,4,4711,"Tilled",1,0.00796812749003984,0.000221336874723329,0.260679504205401,FALSE
"2020-84",2020,"P47","S_5/8","TS1","TS","Orge_P","Yes","Yes","D","Yes","No","8",4.93738277096915,19991,19991,2591,214,43,0,5286,"Tilled",0,0.0107048171677255,0,0.264418988544845,FALSE
"2019-163",2019,"P33","S_4/6","TS1","MIX","Solnu","Yes","Yes","D","Yes","No","2",-1.23394873705731,16304,16304,2389,206,61,1,4588,"Tilled",1,0.0126349362119725,6.13346418056919e-05,0.281403336604514,FALSE
"2021-147",2021,"P31","S_2/7","TS1","MIX","Ble_H","Yes","Yes","D","Yes","No","3",-2.17169832266644,16997,16997,2145,183,27,0,4882,"Tilled",0,0.0107666058716244,0,0.287227157733718,FALSE
"2018-149",2018,"P21","S_2/6","SD1","SD","Orge_P","Yes","Yes","C","Yes","Yes","6",-0.703431434811818,18365,18365,2649,232,44,10,4489,"No-till",1,0.0126327252926763,0.000544514021236047,0.244432344132861,TRUE
"2020-87",2020,"P48","S_3/7","TS1","TS","Ble_H","Yes","Yes","D","Yes","No","2",0.000583865373383952,22354,22354,2611,238,51,0,4974,"Tilled",0,0.0106468640959112,0,0.222510512659927,FALSE
"2020-115",2020,"P10","S_6/8","SD1","MIX","Orge_H","No","No","A","Yes","No","7",0.0359604550738488,23424,23424,2798,282,23,8,6491,"No-till",1,0.0120389344262295,0.000341530054644809,0.277108948087432,FALSE
"2021-67",2021,"P39","S_7/9","TS2","TS","Ble_H_/_Pois_H","Yes","Yes","D","No","No","2",-1.31067533576441,22922,22922,2752,202,35,0,6992,"Tilled",0,0.00881249454672367,0,0.305034464706396,FALSE
"2021-126",2021,"P26","S_2/5","SD2","SD","Solnu","No","Yes","B","Yes","No","2",-0.562611240973838,14135,14135,2147,202,64,0,4377,"No-till",0,0.0142907675981606,0,0.309656880084896,FALSE
"2019-140",2019,"P20","S_6/6","SD1","SD","Orge_H","Yes","Yes","C","Yes","No","7",1.05741385056732,13587,13587,2237,161,25,0,3551,"No-till",0,0.0118495620814013,0,0.261352763671156,FALSE
"2018-112",2018,"P20","S_4/6","SD1","SD","Solnu","Yes","Yes","C","Yes","Yes","7",0.347264423702003,22796,22796,2839,203,44,1,6027,"No-till",1,0.00890507106509914,4.38673451482716e-05,0.264388489208633,TRUE
"2020-105",2020,"P29","S_2/7","TS2","TS","Ble_H_/_Pois_H","Yes","Yes","D","No","No","1",1.11009363840107,25287,25287,2841,290,70,0,7756,"Tilled",0,0.0114683434175663,0,0.306718867402222,FALSE
"2021-150",2021,"P32","S_1/6","SD2","MIX","Ble_H","No","Yes","B","Yes","No","2",0.789053647192231,21132,21132,2724,284,63,1,6515,"No-till",1,0.0134393337119061,4.73215975771342e-05,0.308300208215029,FALSE
"2020-89",2020,"P25","S_4/7","SD2","SD","Solnu","No","Yes","B","Yes","No","5",-2.80047787552612,34988,34988,3293,391,79,0,9511,"No-till",0,0.0111752600891734,0,0.271836058077055,FALSE
"2018-50",2018,"P22","S_5/6","SD2","SD","Ble_H","Yes","Yes","C","Yes","Yes","7",-0.283470973860264,29314,29314,2962,343,77,0,9138,"No-till",0,0.0117008937708945,0,0.311728184485229,TRUE
"2020-153",2020,"P16","S_2/6","SD1","SD","Orge_P_/_Pois_P","No","No","A","Yes","No","3",-1.07039277030963,30028,30028,3065,225,38,0,8834,"No-till",0,0.00749300652724124,0,0.294192087385107,FALSE
"2018-14",2018,"P17","S_3/6","SD1","SD","Orge_H","Yes","Yes","C","Yes","Yes","3",-1.6958730754273,27293,27293,3143,249,30,21,7317,"No-till",1,0.00912321840765031,0.000769428058476532,0.268090719232038,TRUE
"2021-113",2021,"P22","S_6/6","SD2","SD","Ble_H","No","Yes","B","Yes","No","2",0.90060411066502,17212,17212,2424,202,47,0,5687,"No-till",0,0.011735998140832,0,0.330409016964908,FALSE
"2020-17",2020,"P32","S_3/6","SD2","MIX","Orge_H","No","Yes","B","Yes","No","7",0.302842901281004,27420,27420,2885,309,84,0,8213,"No-till",0,0.0112691466083151,0,0.299525893508388,FALSE
"2021-64",2021,"P38","S_8/11","TS2","TS","Ble_H_/_Feverole_H","Yes","Yes","D","No","No","2",-0.699324004323495,22283,22283,2752,300,28,0,6455,"Tilled",0,0.0134631782076022,0,0.289682717766908,FALSE
"2018-43",2018,"P1","S_3/6","TS1","MIX","Colza","Yes","Yes","D","Yes","Yes","2",-0.672234238980768,20913,20913,2953,252,42,3,4859,"Tilled",1,0.0120499211017071,0.000143451441686989,0.232343518385693,TRUE
"2021-4",2021,"P6","S_7/9","SD2","MIX","Orge_H","No","Yes","B","Yes","No","3",-0.992902767755816,19525,19525,2612,264,32,0,5913,"No-till",0,0.0135211267605634,0,0.302842509603073,FALSE
"2021-23",2021,"P11","S_4/7","SD1","MIX","Orge_P_/_Pois_P","No","No","A","Yes","No","7",-0.40543904675287,13044,13044,2229,131,47,0,4099,"No-till",0,0.0100429316160687,0,0.314244096902791,FALSE
"2019-87",2019,"P14","S_3/6","TS2","MIX","Lupin_P","Yes","Yes","D","No","No","2",-0.335761292853065,19181,19181,2608,254,58,0,5421,"Tilled",0,0.0132422709973411,0,0.282623429435379,FALSE
"2019-32",2019,"P44","S_2/5","TS1","TS","Orge_P","Yes","Yes","D","Yes","No","3",-1.26631371784298,24686,24686,2869,215,33,4,6026,"Tilled",1,0.00870938993761646,0.000162035161630074,0.244105970995706,FALSE
"2019-141",2019,"P21","S_2/6","SD1","SD","Solnu","Yes","Yes","C","Yes","No","6",-0.703431434811818,26305,26305,3043,308,59,0,5860,"No-till",0,0.0117088006082494,0,0.222771336247862,FALSE
"2021-41",2021,"P16","S_6/6","SD1","SD","Colza","No","No","A","Yes","No","1",0.830129440426399,21163,21163,2927,289,31,0,5677,"No-till",0,0.0136559088976043,0,0.268251193120068,FALSE
"2019-135",2019,"P19","S_3/7","SD1","SD","Orge_P_/_Pois_P","Yes","Yes","C","Yes","No","7",-0.85045719590945,26368,26368,2889,280,69,0,7903,"No-till",0,0.010618932038835,0,0.299719356796116,FALSE
"2021-166",2021,"P38","S_4/11","TS2","TS","Ble_H_/_Feverole_H","Yes","Yes","D","No","No","2",-0.999971899144495,28164,28164,2845,215,16,0,2810,"Tilled",0,0.00763385882687118,0,0.0997727595512001,FALSE
"2018-127",2018,"P38","S_8/11","TS2","TS","Solnu","Yes","Yes","D","Yes","Yes","2",-0.699324004323495,26481,26481,3199,339,66,15,6378,"Tilled",1,0.0128016313583324,0.000566443865412938,0.240851931573581,TRUE
"2020-91",2020,"P25","S_7/7","SD2","SD","Solnu","No","Yes","B","Yes","No","7",6.35165058605194,28859,28859,2850,309,85,0,8519,"No-till",0,0.0107072317128106,0,0.295193873661596,FALSE
"2019-71",2019,"P6","S_4/9","SD2","MIX","Orge_P_/_Pois_P","Yes","Yes","C","Yes","No","3",-1.50966496424355,15560,15560,2477,187,47,0,4092,"No-till",0,0.0120179948586118,0,0.262982005141388,FALSE
"2018-1",2018,"P10","S_1/8","SD1","MIX","Orge_H","Yes","Yes","C","Yes","Yes","6",-1.23965750432494,23818,23818,2969,308,42,8,6338,"No-till",1,0.0129313964228735,0.000335880426568142,0.26610126794861,TRUE
"2018-165",2018,"P6","S_7/9","SD2","MIX","Lin_H","Yes","Yes","C","Yes","Yes","3",-0.992902767755816,24494,24494,3043,349,60,0,5697,"No-till",0,0.0142483873601698,0,0.232587572466727,TRUE
"2021-145",2021,"P30","S_5/6","SD1","MIX","Colza","No","No","A","Yes","No","1",-0.0417277723487293,15803,15803,2461,185,16,0,4940,"No-till",0,0.0117066379801304,0,0.312598873631589,FALSE
"2018-53",2018,"P23","S_3/5","SD2","SD","Ble_H","Yes","Yes","C","Yes","Yes","7",2.70083629684766,30817,30817,3005,299,56,0,9738,"No-till",0,0.00970243696660934,0,0.315994418665023,TRUE
"2018-155",2018,"P25","S_3/7","SD2","SD","Ble_H","Yes","Yes","C","Yes","Yes","7",1.07618799637063,20734,20734,2780,214,47,7,6239,"No-till",1,0.0103212115366065,0.000337609723160027,0.300906723256487,TRUE
"2018-10",2018,"P12","S_3/7","TS2","MIX","Feverole_P","Yes","Yes","D","Yes","Yes","2",0.768584667518529,28148,28148,3059,375,80,5,8199,"Tilled",1,0.0133224385391502,0.000177632513855336,0.29128179621998,TRUE
"2020-102",2020,"P28","S_5/10","TS2","TS","Solnu","Yes","Yes","D","No","No","7",4.02203004059865,19284,19284,2616,262,53,0,5492,"Tilled",0,0.0135863928645509,0,0.284795685542419,FALSE
"2021-162",2021,"P37","S_3/10","SD2","MIX","Orge_P_/_Pois_P","No","Yes","B","Yes","No","2",0.240813663311943,17714,17714,2794,206,26,0,4564,"No-till",0,0.0116292198261262,0,0.257649316924467,FALSE
"2020-150",2020,"P14","S_3/6","TS2","MIX","Moutarde_H","Yes","Yes","D","No","No","2",-0.335761292853065,27848,27848,2802,356,49,0,8130,"Tilled",0,0.0127836828497558,0,0.291941970698075,FALSE
"2018-44",2018,"P1","S_4/6","TS1","MIX","Colza","Yes","Yes","D","Yes","Yes","2",-0.0637867012169833,33415,33415,1499,206,49,2,6852,"Tilled",1,0.00616489600478827,5.9853359269789e-05,0.205057608858297,TRUE
"2019-16",2019,"P40","S_5/8","TS2","TS","Solnu","Yes","Yes","D","No","No","3",-1.75224881822305,23456,23456,2794,313,25,0,5651,"Tilled",0,0.0133441336971351,0,0.240919167803547,FALSE
"2020-18",2020,"P32","S_4/6","SD2","MIX","Orge_H","No","Yes","B","Yes","No","2",-0.645818091355481,20680,20680,2559,310,43,0,5445,"No-till",0,0.0149903288201161,0,0.263297872340426,FALSE
"2020-116",2020,"P11","S_1/7","SD1","MIX","Ble_H_/_Feverole_H","No","No","A","Yes","No","7",1.60776340832254,25164,25164,3155,261,42,4,7627,"No-till",1,0.0103719599427754,0.000158957240502305,0.30309171832777,FALSE
"2020-33",2020,"P38","S_7/11","TS2","TS","Solnu","Yes","Yes","D","No","No","2",-1.43337732387911,23034,23034,2884,281,34,0,5588,"Tilled",0,0.0121993574715638,0,0.242597898758357,FALSE
"2019-11",2019,"P39","S_5/9","TS2","TS","Ble_H_/_Feverole_H","Yes","Yes","D","No","No","2",-0.522158830484666,17510,17510,2205,192,19,0,5311,"Tilled",0,0.0109651627641348,0,0.303312392918332,FALSE
"2019-149",2019,"P26","S_2/5","SD2","SD","Orge_H","Yes","Yes","C","Yes","No","2",-0.562611240973838,18702,18702,2299,208,56,0,5146,"No-till",0,0.0111218051545289,0,0.275157737140413,FALSE
"2018-62",2018,"P49","S_2/7","TS1","TS","Ble_H","Yes","Yes","D","Yes","Yes","3",-0.261475314598216,30057,30057,3299,345,80,14,8007,"Tilled",1,0.0114781914362711,0.00046578168147187,0.266393851681805,TRUE
"2020-45",2020,"P41","S_4/5","TS2","TS","Ble_H_/_Pois_H","Yes","Yes","D","No","No","2",-0.536394525085105,18100,18100,2500,209,26,0,5831,"Tilled",0,0.0115469613259669,0,0.322154696132597,FALSE
"2018-12",2018,"P17","S_1/6","SD1","SD","Orge_H","Yes","Yes","C","Yes","Yes","3",-1.41897677385046,26605,26605,2808,252,54,5,6857,"No-till",1,0.00947190377748544,0.000187934598759632,0.257733508738959,TRUE
"2019-55",2019,"P13","S_6/7","SD1","MIX","Orge_P_/_Pois_P","Yes","Yes","C","Yes","No","2",-1.03155541547768,17608,17608,2604,323,41,1,4504,"No-till",1,0.0183439345751931,5.6792367105861e-05,0.255792821444798,FALSE
"2021-71",2021,"P40","S_6/8","TS2","TS","Solnu","Yes","Yes","D","No","No","2",-1.75086966109078,20309,20309,2496,240,24,0,6156,"Tilled",0,0.0118174208478999,0,0.303116844748634,FALSE
"2020-125",2020,"P21","S_4/6","SD1","SD","Ble_H_/_Feverole_H","No","No","A","Yes","No","2",-0.700067739643303,18591,18591,2315,286,32,0,3901,"No-till",0,0.0153837878543381,0,0.209832714754451,FALSE
"2020-4",2020,"P49","S_3/7","TS1","TS","Ble_H","Yes","Yes","D","Yes","No","3",-1.4368037900036,41672,41672,3401,414,38,4,11866,"Tilled",1,0.00993472835477059,9.59877135726627e-05,0.284747552313304,FALSE
"2019-63",2019,"P1","S_3/6","TS1","MIX","Ble_H","Yes","Yes","D","Yes","No","2",-0.672234238980768,19058,19058,2744,253,42,1,4698,"Tilled",1,0.0132752649805856,5.24714030853185e-05,0.246510651694826,FALSE
"2021-48",2021,"P18","S_6/7","SD1","SD","Ble_H_/_Feverole_H","No","No","A","Yes","No","3",-1.57138282076925,21477,21477,2354,245,14,0,6048,"No-till",0,0.0114075522652139,0,0.281603575918424,FALSE
"2020-39",2020,"P40","S_4/8","TS2","TS","Ble_H","Yes","Yes","D","No","No","3",-2.34311932718907,26545,26545,2982,351,40,0,6696,"Tilled",0,0.0132228291580335,0,0.252250894707101,FALSE
"2021-141",2021,"P29","S_5/7","TS2","TS","Feverole_H","Yes","Yes","D","No","No","3",-1.64970454242394,21232,21232,2753,273,52,1,5488,"Tilled",1,0.0128579502637528,4.70987189148455e-05,0.258477769404672,FALSE
"2019-17",2019,"P40","S_6/8","TS2","TS","Solnu","Yes","Yes","D","No","No","2",-1.75086966109078,25095,25095,2849,384,34,0,6239,"Tilled",0,0.0153018529587567,0,0.248615262004383,FALSE
"2018-163",2018,"P31","S_4/7","TS1","MIX","Avoine_P","Yes","Yes","D","Yes","Yes","3",-2.46081957787689,23035,23035,2800,299,42,0,6072,"Tilled",0,0.0129802474495333,0,0.26359887128283,TRUE
"2018-11",2018,"P14","S_3/6","TS2","MIX","Ble_H","Yes","Yes","D","Yes","Yes","2",-0.335761292853065,24076,24076,3105,345,66,10,7207,"Tilled",1,0.0143296228609404,0.000415351387273634,0.299343744808108,TRUE
"2018-23",2018,"P32","S_4/6","SD2","MIX","Orge_H","Yes","Yes","C","Yes","Yes","2",-0.645818091355481,22376,22376,3111,300,50,11,5742,"No-till",1,0.0134072220235967,0.000491598140865213,0.256614229531641,TRUE
"2019-150",2019,"P26","S_3/5","SD2","SD","Orge_H","Yes","Yes","C","Yes","No","7",1.78005891514909,49517,49517,2040,392,218,0,11842,"No-till",0,0.00791647313044005,0,0.239150190843549,FALSE
"2020-132",2020,"P23","S_3/5","SD2","SD","Ble_H_/_Feverole_H","No","Yes","B","Yes","No","7",2.70083629684766,26392,26392,2776,303,57,0,8239,"No-till",0,0.0114807517429524,0,0.312177932706881,FALSE
"2021-68",2021,"P39","S_8/9","TS2","TS","Ble_H_/_Pois_H","Yes","Yes","D","No","No","2",-0.0331696545426073,16784,16784,2241,172,11,0,4833,"Tilled",0,0.0102478551000953,0,0.287952812202097,FALSE
"2020-143",2020,"P12","S_4/7","TS2","MIX","Feverole_H","Yes","Yes","D","No","No","1",-0.231061886066831,27238,27238,3062,277,25,0,7358,"Tilled",0,0.0101696159776782,0,0.270137308172406,FALSE
"2021-50",2021,"P19","S_2/7","SD1","SD","Ble_H","No","No","A","Yes","No","7",0.103275851017592,29441,29441,3004,314,32,0,9247,"No-till",0,0.0106653985937978,0,0.314085798716076,FALSE
"2018-120",2018,"P29","S_5/7","TS2","TS","Orge_H","Yes","Yes","D","Yes","Yes","3",-1.64970454242394,57473,57473,2477,376,183,13,12911,"Tilled",1,0.00654220242548675,0.000226193168966297,0.224644615732605,TRUE
"2019-117",2019,"P33","S_2/6","TS1","MIX","Solnu","Yes","Yes","D","Yes","No","2",0.578037739629978,29154,29154,2967,423,79,1,8298,"Tilled",1,0.0145091582630171,3.43006105508678e-05,0.284626466351101,FALSE
"2018-65",2018,"P49","S_5/7","TS1","TS","Ble_H","Yes","Yes","D","Yes","Yes","7",0.536683145839611,33195,33195,3414,445,56,20,8565,"Tilled",1,0.0134056333785209,0.000602500376562735,0.258020786262991,TRUE
"2019-121",2019,"P37","S_3/10","SD2","MIX","Solnu","Yes","Yes","C","Yes","No","2",0.240813663311943,23346,23346,2940,345,43,0,6186,"No-till",0,0.0147776921099974,0,0.26497044461578,FALSE
"2021-90",2021,"P45","S_5/7","TS1","TS","Ble_H","Yes","Yes","D","Yes","No","5",0.287976227233796,21161,21161,2720,258,29,0,5027,"Tilled",0,0.0121922404423231,0,0.237559661641699,FALSE
"2021-63",2021,"P1","S_4/6","TS1","MIX","Lupin_P","Yes","Yes","D","Yes","No","2",-0.0637867012169833,19423,19423,2626,257,27,0,5827,"Tilled",0,0.01323173557123,0,0.300005148535242,FALSE
"2019-67",2019,"P22","S_3/6","SD2","SD","Colza","Yes","Yes","C","Yes","No","2",1.66569801473393,17358,17358,2313,205,65,0,5438,"No-till",0,0.011810116372854,0,0.313284940661367,FALSE
"2018-151",2018,"P21","S_4/6","SD1","SD","Orge_P","Yes","Yes","C","Yes","Yes","2",-0.700067739643303,25219,25219,3116,323,58,17,6417,"No-till",1,0.0128078036401126,0.00067409492842698,0.25445100915976,TRUE
"2020-22",2020,"P33","S_5/6","TS1","MIX","Ble_H","Yes","Yes","D","Yes","No","2",-1.7067911279125,25708,25708,2542,256,45,0,8006,"Tilled",0,0.00995798973082309,0,0.311420569472538,FALSE
"2019-56",2019,"P14","S_2/6","TS2","MIX","Lupin_P","Yes","Yes","D","No","No","3",-1.04756416209161,14073,14073,2288,275,38,0,3774,"Tilled",0,0.0195409649683792,0,0.268173097420593,FALSE
"2021-84",2021,"P43","S_ajout","TS1","TS","Orge_H","Yes","Yes","D","Yes","No","2",-1.12721154657094,16980,16980,2210,167,5,0,4495,"Tilled",0,0.00983510011778563,0,0.26472320376914,FALSE
"2018-52",2018,"P23","S_1/5","SD2","SD","Ble_H","Yes","Yes","C","Yes","Yes","7",1.57020761862273,26752,26752,2867,299,53,0,7832,"No-till",0,0.0111767344497608,0,0.292763157894737,TRUE
"2021-24",2021,"P11","S_5/7","SD1","MIX","Orge_P_/_Pois_P","No","No","A","Yes","No","7",1.02204725961927,33586,33586,3296,357,66,0,10783,"No-till",0,0.0106294289287203,0,0.321056392544513,FALSE
"2018-7",2018,"P11","S_5/7","SD1","MIX","Feverole_H","Yes","Yes","C","Yes","Yes","7",1.02204725961927,21627,21627,2926,285,60,15,6810,"No-till",1,0.0131779719794701,0.00069357747260369,0.314884172562075,TRUE
"2019-70",2019,"P6","S_3/9","SD2","MIX","Orge_P_/_Pois_P","Yes","Yes","C","Yes","No","3",-2.9979060762135,31119,31119,3135,355,93,2,8337,"No-till",1,0.0114078215880973,6.42694173977313e-05,0.267907066422443,FALSE
"2018-96",2018,"P31","S_6/7","TS1","MIX","Avoine_P","Yes","Yes","D","Yes","Yes","3",-2.43504021006708,25881,25881,3364,323,67,39,6468,"Tilled",1,0.0124801978285229,0.00150689695143155,0.249913063637417,TRUE
"2018-83",2018,"P42","S_2/5","TS2","TS","Ble_H","Yes","Yes","D","Yes","Yes","2",0.178227447142723,22368,22368,2472,228,13,5,6558,"Tilled",1,0.0101931330472103,0.000223533619456366,0.29318669527897,TRUE
"2018-95",2018,"P48","S_5/7","TS1","TS","Ble_H","Yes","Yes","D","Yes","Yes","2",1.73258687163553,21967,21967,3070,187,40,14,5807,"Tilled",1,0.0085127691537306,0.000637319615787317,0.264351072062639,TRUE
"2019-28",2019,"P43","S_2/3","TS1","TS","Feverole_H","Yes","Yes","D","Yes","No","2",-1.81552521947616,11809,11809,2099,110,11,0,2908,"Tilled",0,0.00931492929121856,0,0.246252857989669,FALSE
"2020-70",2020,"P44","S_1/5","TS1","TS","Feverole_H","Yes","Yes","D","Yes","No","2",-0.881047201125199,20274,20274,2760,212,24,1,5143,"Tilled",1,0.0104567426260235,4.93242576699221e-05,0.253674657196409,FALSE
"2020-129",2020,"P22","S_5/6","SD2","SD","Orge_H","No","Yes","B","Yes","No","7",-0.283470973860264,29411,29411,2878,307,71,0,8788,"No-till",0,0.0104382713950563,0,0.298799768793989,FALSE
"2021-112",2021,"P22","S_5/6","SD2","SD","Ble_H","No","Yes","B","Yes","No","7",-0.283470973860264,12778,12778,2096,151,54,0,4270,"No-till",0,0.0118171857880733,0,0.334168101424323,FALSE
"2020-79",2020,"P46","S_4/6","TS1","TS","Orge_H","Yes","Yes","D","Yes","No","2",-0.589241385986992,18348,18348,2478,182,9,0,4583,"Tilled",0,0.00991933725746675,0,0.249781992587748,FALSE
"2019-100",2019,"P25","S_4/7","SD2","SD","Ble_H","Yes","Yes","C","Yes","No","5",-2.80047787552612,17352,17352,2511,180,37,0,4829,"No-till",0,0.0103734439834025,0,0.278296449976948,FALSE
"2020-19",2020,"P33","S_2/6","TS1","MIX","Ble_H","Yes","Yes","D","Yes","No","2",0.578037739629978,24799,24799,2590,204,50,0,8492,"Tilled",0,0.00822613815073188,0,0.342433162627525,FALSE
"2020-55",2020,"P8","S_5/9","SD2","MIX","Orge_P_/_Pois_P","No","Yes","B","Yes","No","3",-1.61139755038596,17973,17973,2594,267,51,1,4873,"No-till",1,0.014855616758471,5.56390140766706e-05,0.271128915595616,FALSE
"2020-51",2020,"P7","S_3/8","TS2","MIX","Lupin_P","Yes","Yes","D","No","No","7",-1.58912704619571,15939,15939,2444,178,17,1,4295,"Tilled",1,0.0111675763849677,6.27391931739758e-05,0.269464834682226,FALSE
"2018-113",2018,"P24","S_1/6","SD2","SD","Ble_H","Yes","Yes","C","Yes","Yes","7",0.850525928486039,30324,30324,3221,317,65,7,9358,"No-till",1,0.0104537659939322,0.00023084025854109,0.308600448489645,TRUE
"2020-104",2020,"P29","S_1/7","TS2","TS","Ble_H_/_Pois_H","Yes","Yes","D","No","No","7",4.43319053047014,21568,21568,2608,230,38,0,7350,"Tilled",0,0.0106639465875371,0,0.340782640949555,FALSE
"2019-35",2019,"P45","S_4/7","TS1","TS","Ble_H","Yes","Yes","D","Yes","No","5",-0.96828875225511,28176,28176,2983,263,50,0,7460,"Tilled",0,0.00933418512208972,0,0.264764338444066,FALSE
"2020-130",2020,"P22","S_6/6","SD2","SD","Orge_H","No","Yes","B","Yes","No","2",0.90060411066502,27617,27617,3007,324,66,0,7570,"No-till",0,0.0117319042618677,0,0.274106528587464,FALSE
"2020-13",2020,"P31","S_4/7","TS1","MIX","Moutarde_H","Yes","Yes","D","Yes","No","3",-2.46081957787689,25650,25650,2659,267,43,0,7671,"Tilled",0,0.0104093567251462,0,0.29906432748538,FALSE
"2019-123",2019,"P6","S_7/9","SD2","MIX","Orge_P_/_Pois_P","Yes","Yes","C","Yes","No","3",-0.992902767755816,24830,24830,2812,355,54,0,6823,"No-till",0,0.0142972211035038,0,0.274788562223117,FALSE
"2019-29",2019,"P43","S_3/3","TS1","TS","Feverole_H","Yes","Yes","D","Yes","No","2",-1.61264971512259,18956,18956,2565,191,22,0,4150,"Tilled",0,0.0100759653935429,0,0.218928043891116,FALSE
"2018-26",2018,"P34","S_3/4","TS2","MIX","Solnu","Yes","Yes","D","Yes","Yes","2",-0.765832975604245,40672,40672,3349,493,104,4,11252,"Tilled",1,0.0121213611329662,9.83477576711251e-05,0.276652242328875,TRUE
"2018-98",2018,"P37","S_4/10","SD2","MIX","Pois_P","Yes","Yes","C","Yes","Yes","2",1.43855997273478,24604,24604,3176,372,80,7,5607,"No-till",1,0.015119492765404,0.000284506584295237,0.227889774020484,TRUE
"2021-40",2021,"P16","S_4/6","SD1","SD","Colza","No","No","A","Yes","No","3",-1.11488328161643,22344,22344,2229,190,22,0,6029,"No-till",0,0.00850340136054422,0,0.269826351593269,FALSE
"2021-125",2021,"P25","S_7/7","SD2","SD","Ble_H_/_Feverole_H","No","Yes","B","Yes","No","7",6.35165058605194,23086,23086,2648,365,87,0,6440,"No-till",0,0.0158104478904964,0,0.278956943602183,FALSE
"2019-27",2019,"P43","S_1/3","TS1","TS","Feverole_H","Yes","Yes","D","Yes","No","3",-1.32808820951733,17011,17011,2472,180,19,2,4632,"Tilled",1,0.0105813885133149,0.000117570983481277,0.272294397742637,FALSE
"2020-62",2020,"P42","S_1/5","TS2","TS","Ble_H_/_Feverole_H","Yes","Yes","D","No","No","2",-0.539553765612652,30642,30642,3009,291,25,25,8843,"Tilled",1,0.00949676914039554,0.000815873637491025,0.288590823053326,FALSE
"2019-6",2019,"P49","S_5/7","TS1","TS","Moutarde_H","Yes","Yes","D","Yes","No","7",0.536683145839611,23211,23211,2635,236,38,0,7077,"Tilled",0,0.0101675929516178,0,0.304898539485589,FALSE
"2018-164",2018,"P6","S_4/9","SD2","MIX","Lin_H","Yes","Yes","C","Yes","Yes","3",-1.50966496424355,21333,21333,2772,215,47,3,5199,"No-till",1,0.0100782824731636,0.000140627197299958,0.243706932920827,TRUE
"2019-24",2019,"P42","S_2/5","TS2","TS","Pois_Chiche","Yes","Yes","D","No","No","2",0.178227447142723,18023,18023,2097,189,21,0,5302,"Tilled",0,0.0104866004549742,0,0.294179659324197,FALSE
"2019-79",2019,"P10","S_5/8","SD1","MIX","Colza","Yes","Yes","C","Yes","No","3",-1.9638293893314,17250,17250,2465,164,20,1,4563,"No-till",1,0.00950724637681159,5.79710144927536e-05,0.264521739130435,FALSE
"2019-50",2019,"P11","S_1/7","SD1","MIX","Solnu","Yes","Yes","C","Yes","No","7",1.60776340832254,22919,22919,2924,288,54,0,6447,"No-till",0,0.0125659932806841,0,0.281294995418648,FALSE
"2019-61",2019,"P18","S_7/7","SD1","SD","Ble_H","Yes","Yes","C","Yes","No","5",-0.103873732476047,24927,24927,3083,240,36,0,6689,"No-till",0,0.009628114093152,0,0.268343563204557,FALSE
"2019-137",2019,"P20","S_3/6","SD1","SD","Orge_H","Yes","Yes","C","Yes","No","7",0.257844164133736,67566,67566,1431,471,155,0,16195,"No-till",0,0.00697096172631205,0,0.239691560844212,FALSE
"2019-155",2019,"P28","S_6/10","TS2","TS","Ble_H_/_Pois_H","Yes","Yes","D","No","No","1",2.87678816803851,11652,11652,2170,119,43,0,3275,"Tilled",0,0.010212838997597,0,0.281067627875043,FALSE
"2020-16",2020,"P32","S_2/6","SD2","MIX","Orge_H","No","Yes","B","Yes","No","2",0.763683512079939,28575,28575,2864,373,77,0,9022,"No-till",0,0.0130533683289589,0,0.31573053368329,FALSE
"2020-1",2020,"P41","S_5/5","TS2","TS","Ble_H_/_Pois_H","Yes","Yes","D","No","No","2",-0.438975327187724,29316,29316,3124,394,38,15,9287,"Tilled",1,0.013439759858098,0.000511665984445354,0.316789466502934,FALSE
"2019-80",2019,"P10","S_6/8","SD1","MIX","Colza","Yes","Yes","C","Yes","No","7",0.0359604550738488,17996,17996,2224,171,16,0,4954,"No-till",0,0.00950211158035119,0,0.275283396310291,FALSE
"2020-86",2020,"P48","S_2/7","TS1","TS","Ble_H","Yes","Yes","D","Yes","No","2",-0.602960991917973,23241,23241,2566,247,58,0,5741,"Tilled",0,0.0106277698894196,0,0.247020351964201,FALSE
"2020-50",2020,"P7","S_2/8","TS2","MIX","Lupin_P","Yes","Yes","D","No","No","7",1.80429867834937,17281,17281,2632,209,37,0,4184,"Tilled",0,0.0120942075111394,0,0.242115618309126,FALSE
"2019-49",2019,"P10","S_3/8","SD1","MIX","Colza","Yes","Yes","C","Yes","No","3",-2.57245865340911,20386,20386,2366,232,35,0,5557,"No-till",0,0.01138035906995,0,0.272589031688414,FALSE
"2021-105",2021,"P49","S_2/7","TS1","TS","Solnu","Yes","Yes","D","Yes","No","3",-0.261475314598216,19423,19423,2533,206,48,0,5687,"Tilled",0,0.0106059825979509,0,0.292797199196829,FALSE
"2020-161",2020,"P18","S_2/7","SD1","SD","Solnu","No","No","A","Yes","No","5",-1.09981983379067,28885,28885,3067,292,41,0,7681,"No-till",0,0.0101090531417691,0,0.265916565691535,FALSE
"2019-4",2019,"P49","S_3/7","TS1","TS","Moutarde_H","Yes","Yes","D","Yes","No","3",-1.4368037900036,13428,13428,2153,150,18,0,3520,"Tilled",0,0.0111706881143878,0,0.262138814417635,FALSE
"2021-21",2021,"P10","S_6/8","SD1","MIX","Ble_H","No","No","A","Yes","No","7",0.0359604550738488,11984,11984,2001,120,11,0,3353,"No-till",0,0.0100133511348465,0,0.279789719626168,FALSE
"2021-86",2021,"P44","S_2/5","TS1","TS","Colza","Yes","Yes","D","Yes","No","3",-1.26631371784298,19784,19784,2607,191,29,2,4852,"Tilled",1,0.00965426607359482,0.000101091791346543,0.245248685806712,FALSE
"2021-45",2021,"P17","S_6/6","SD1","SD","Ble_H","No","No","A","Yes","No","3",-2.12170360128585,19201,19201,2348,149,34,0,6199,"No-till",0,0.00776001249934899,0,0.322847768345399,FALSE
"2021-83",2021,"P43","S_3/3","TS1","TS","Orge_H","Yes","Yes","D","Yes","No","2",-1.61264971512259,23350,23350,2643,232,19,0,6286,"Tilled",0,0.00993576017130621,0,0.269207708779443,FALSE
"2019-130",2019,"P9","S_4/9","TS1","MIX","Solnu","Yes","Yes","D","Yes","No","2",-1.56398487750631,22039,22039,2670,255,53,0,6078,"Tilled",0,0.0115703979309406,0,0.275783837742184,FALSE
"2018-118",2018,"P29","S_2/7","TS2","TS","Orge_H","Yes","Yes","D","Yes","Yes","1",1.11009363840107,29490,29490,3206,328,88,16,8709,"Tilled",1,0.0111224143777552,0.000542556798914886,0.295320447609359,TRUE
"2020-81",2020,"P46","S_6/6","TS1","TS","Orge_H","Yes","Yes","D","Yes","No","1",1.40863853675206,27555,27555,2716,255,11,0,6103,"Tilled",0,0.00925421883505716,0,0.221484304119035,FALSE
"2018-143",2018,"P13","S_5/7","SD1","MIX","Ble_H","Yes","Yes","C","Yes","Yes","7",0.0422156276114802,22454,22454,3022,235,39,12,5472,"No-till",1,0.0104658412754966,0.000534425937472165,0.243698227487307,TRUE
"2020-61",2020,"P9","S_9/9","TS1","MIX","Lupin_P","Yes","Yes","D","Yes","No","3",-2.39554982924635,18775,18775,2808,229,55,10,4877,"Tilled",1,0.0121970705725699,0.000532623169107856,0.259760319573901,FALSE
"2021-30",2021,"P13","S_1/7","SD1","MIX","Ble_H","No","No","A","Yes","No","7",1.57193066008375,21352,21352,2809,257,38,0,6976,"No-till",0,0.0120363431997003,0,0.326714125140502,FALSE
"2019-167",2019,"P37","S_6/10","SD2","MIX","Solnu","Yes","Yes","C","Yes","No","2",0.630590207257275,23956,23956,2700,371,43,0,5680,"No-till",0,0.0154867256637168,0,0.237101352479546,FALSE
"2019-96",2019,"P22","S_6/6","SD2","SD","Colza","Yes","Yes","C","Yes","No","2",0.90060411066502,21922,21922,2711,283,85,0,6411,"No-till",0,0.0129094060760879,0,0.292445944713074,FALSE
"2021-120",2021,"P24","S_4/6","SD2","SD","Orge_H","No","Yes","B","Yes","No","7",0.511413865554101,15907,15907,2252,220,34,0,5229,"No-till",0,0.013830389136858,0,0.328723203621047,FALSE
"2020-49",2020,"P6","S_8/9","SD2","MIX","Colza","No","Yes","B","Yes","No","3",-1.60101755367094,30749,30749,3188,335,56,1,8098,"No-till",1,0.010894663241081,3.25213828091971e-05,0.263358157988878,FALSE
"2020-128",2020,"P22","S_4/6","SD2","SD","Orge_H","No","Yes","B","Yes","No","2",2.63655103014391,29480,29480,2947,290,77,0,8877,"No-till",0,0.00983717774762551,0,0.301119402985075,FALSE
"2020-3",2020,"P49","S_2/7","TS1","TS","Ble_H","Yes","Yes","D","Yes","No","3",-0.261475314598216,25960,25960,2929,302,52,9,7358,"Tilled",1,0.011633281972265,0.000346687211093991,0.283436055469954,FALSE
"2020-52",2020,"P7","S_5/8","TS2","MIX","Lupin_P","Yes","Yes","D","No","No","3",-1.48091068830853,23001,23001,2741,252,36,0,5598,"Tilled",0,0.0109560453893309,0,0.243380722577279,FALSE
"2021-88",2021,"P44","S_4/5","TS1","TS","Colza","Yes","Yes","D","Yes","No","2",0.111824299380213,23027,23027,2533,174,24,1,6633,"Tilled",1,0.00755634689712077,4.34272810179355e-05,0.288053154991966,FALSE
"2020-9",2020,"P30","S_4/6","SD1","MIX","Orge_P_/_Pois_P","No","No","A","Yes","No","1",0.466446512914191,31336,31336,3238,428,35,7,9301,"No-till",1,0.0136584120500383,0.000223385243809038,0.296815164666837,FALSE
"2021-43",2021,"P17","S_2/6","SD1","SD","Ble_H","No","No","A","Yes","No","3",-2.25483733852506,21086,21086,2607,161,77,1,6805,"No-till",1,0.00763539789433748,4.74248316418477e-05,0.322725979322773,FALSE
"2020-31",2020,"P38","S_4/11","TS2","TS","Solnu","Yes","Yes","D","No","No","2",-0.999971899144495,23204,23204,2885,203,28,0,5985,"Tilled",0,0.00874849163937252,0,0.257929667298742,FALSE
"2020-10",2020,"P30","S_5/6","SD1","MIX","Orge_P_/_Pois_P","No","No","A","Yes","No","1",-0.0417277723487293,26531,26531,3211,328,53,24,7545,"No-till",1,0.0123628962345935,0.000904602163506841,0.284384305152463,FALSE
"2018-25",2018,"P34","S_2/4","TS2","MIX","Solnu","Yes","Yes","D","Yes","Yes","5",2.17204355459153,30262,30262,3179,337,79,9,8127,"Tilled",1,0.0111360782499504,0.000297402683233098,0.268554622959487,TRUE
"2020-151",2020,"P14","S_4/6","TS2","MIX","Moutarde_H","Yes","Yes","D","No","No","7",0.531132737606112,24225,24225,2790,342,43,0,6772,"Tilled",0,0.0141176470588235,0,0.279545923632611,FALSE
"2020-133",2020,"P23","S_4/5","SD2","SD","Ble_H_/_Feverole_H","No","Yes","B","Yes","No","7",2.80930368864589,20887,20887,2462,274,57,0,6000,"No-till",0,0.0131182074974865,0,0.287260018193134,FALSE
"2021-137",2021,"P28","S_6/10","TS2","TS","Ble_H","Yes","Yes","D","No","No","1",2.87678816803851,18851,18851,2617,239,80,0,5694,"Tilled",0,0.0126783725001326,0,0.302052941488515,FALSE
"2021-149",2021,"P31","S_6/7","TS1","MIX","Ble_H","Yes","Yes","D","Yes","No","3",-2.43504021006708,17648,17648,2410,245,41,0,5026,"Tilled",0,0.0138825929283772,0,0.284791477787851,FALSE
"2021-132",2021,"P27","S_4/7","SD2","SD","Colza","No","Yes","B","Yes","No","2",-0.792113054703712,12333,12333,1928,154,51,0,3723,"No-till",0,0.0124868239682154,0,0.301873023595232,FALSE
"2020-56",2020,"P8","S_6/9","SD2","MIX","Orge_P_/_Pois_P","No","Yes","B","Yes","No","3",-1.47024069279798,19612,19612,2525,312,35,0,5155,"No-till",0,0.0159086273709973,0,0.262849275953498,FALSE
"2018-117",2018,"P29","S_1/7","TS2","TS","Orge_H","Yes","Yes","D","Yes","Yes","7",4.43319053047014,21404,21404,2657,266,62,0,6748,"Tilled",0,0.0124275836292282,0,0.315268174173052,TRUE
"2020-77",2020,"P45","S_7/7","TS1","TS","Solnu","Yes","Yes","D","Yes","No","5",-0.527491113771388,18315,18315,2595,202,23,1,4147,"Tilled",1,0.011029211029211,5.46000546000546e-05,0.226426426426426,FALSE
"2020-80",2020,"P46","S_5/6","TS1","TS","Orge_H","Yes","Yes","D","Yes","No","1",1.25646748942461,19376,19376,2515,187,17,1,4794,"Tilled",1,0.00965111478117258,5.16102394715111e-05,0.247419488026424,FALSE
"2021-19",2021,"P10","S_3/8","SD1","MIX","Ble_H","No","No","A","Yes","No","3",-2.57245865340911,20441,20441,2429,230,56,0,5983,"No-till",0,0.011251895699819,0,0.292696052052248,FALSE
"2019-120",2019,"P34","S_4/4","TS2","MIX","Ble_H","Yes","Yes","D","No","No","5",1.21136715827359,17439,17439,2325,215,46,0,5508,"Tilled",0,0.0123286885715924,0,0.315843798382935,FALSE
"2018-76",2018,"P40","S_6/8","TS2","TS","Ble_H","Yes","Yes","D","Yes","Yes","2",-1.75086966109078,32188,32188,3205,405,59,8,8868,"Tilled",1,0.0125823288181931,0.000248539828507518,0.275506399900584,TRUE
"2021-152",2021,"P32","S_3/6","SD2","MIX","Ble_H","No","Yes","B","Yes","No","7",0.302842901281004,18809,18809,2529,229,54,0,5942,"No-till",0,0.012175022595566,0,0.315912595034292,FALSE
"2019-88",2019,"P14","S_4/6","TS2","MIX","Lupin_P","Yes","Yes","D","No","No","7",0.531132737606112,16676,16676,2616,216,36,0,4219,"Tilled",0,0.0129527464619813,0,0.252998320940273,FALSE
"2018-159",2018,"P28","S_3/10","TS2","TS","Colza","Yes","Yes","D","Yes","Yes","7",1.19524692642895,26302,26302,3331,294,76,13,6795,"Tilled",1,0.0111778571971713,0.000494258991711657,0.258345372975439,TRUE
"2019-13",2019,"P39","S_7/9","TS2","TS","Ble_H_/_Feverole_H","Yes","Yes","D","No","No","2",-1.31067533576441,21611,21611,2645,172,33,0,5877,"Tilled",0,0.00795890981444635,0,0.271944842904077,FALSE
"2019-62",2019,"P19","S_4/7","SD1","SD","Orge_P_/_Pois_P","Yes","Yes","C","Yes","No","7",0.170692170142285,26915,26915,3119,401,68,0,7481,"No-till",0,0.014898755340888,0,0.277949099015419,FALSE
"2019-148",2019,"P25","S_3/7","SD2","SD","Ble_H","Yes","Yes","C","Yes","No","7",1.07618799637063,18152,18152,2431,197,48,0,5109,"No-till",0,0.0108527985896871,0,0.281456588805641,FALSE
"2018-122",2018,"P33","S_2/6","TS1","MIX","Ble_H","Yes","Yes","D","Yes","Yes","2",0.578037739629978,23567,23567,2811,292,67,7,7706,"Tilled",1,0.0123902066448848,0.000297025501760937,0.326982645224254,TRUE
"2018-45",2018,"P1","S_6/6","TS1","MIX","Colza","Yes","Yes","D","Yes","Yes","2",0.0740998464085036,22111,22111,3175,275,35,12,5011,"Tilled",1,0.0124372484283841,0.000542716295056759,0.226629279544118,TRUE
"2020-36",2020,"P39","S_6/9","TS2","TS","Colza","Yes","Yes","D","No","No","2",-0.27020360245875,22833,22833,2760,234,20,0,6676,"Tilled",0,0.0102483247930627,0,0.292383830420882,FALSE
"2021-6",2021,"P7","S_2/8","TS2","MIX","Moutarde_H","Yes","Yes","D","No","No","7",1.80429867834937,18717,18717,2665,207,42,0,5147,"Tilled",0,0.0110594646577977,0,0.274990650211038,FALSE
"2018-92",2018,"P48","S_2/7","TS1","TS","Ble_H","Yes","Yes","D","Yes","Yes","2",-0.602960991917973,48299,48299,2624,475,119,10,12493,"Tilled",1,0.00983457214435081,0.000207043624091596,0.258659599577631,TRUE
"2021-7",2021,"P7","S_3/8","TS2","MIX","Moutarde_H","Yes","Yes","D","No","No","7",-1.58912704619571,18363,18363,2516,168,26,2,5057,"Tilled",1,0.00914883189021402,0.000108914665359691,0.275390731361978,FALSE
"2018-161",2018,"P31","S_1/7","TS1","MIX","Avoine_P","Yes","Yes","D","Yes","Yes","3",-2.15525194139179,27604,27604,2897,321,39,0,7680,"Tilled",0,0.0116287494566005,0,0.278220547746703,TRUE
"2019-112",2019,"P30","S_5/6","SD1","MIX","Ble_H_/_Feverole_H","Yes","Yes","C","Yes","No","1",-0.0417277723487293,16566,16566,2489,264,51,0,5280,"No-till",0,0.0159362549800797,0,0.318725099601594,FALSE
"2021-140",2021,"P29","S_4/7","TS2","TS","Feverole_H","Yes","Yes","D","No","No","7",1.70428173612486,14174,14174,2185,214,44,0,4402,"Tilled",0,0.0150980668830253,0,0.310568646818118,FALSE
"2020-95",2020,"P26","S_5/5","SD2","SD","Ble_H","No","Yes","B","Yes","No","2",-0.950928151832352,23779,23779,2523,351,87,0,6992,"No-till",0,0.014760923503932,0,0.294040960511376,FALSE
"2021-160",2021,"P34","S_3/4","TS2","MIX","Lupin_P","Yes","Yes","D","No","No","2",-0.765832975604245,24756,24756,2704,157,38,0,6563,"Tilled",0,0.00634189691387946,0,0.265107448699305,FALSE
"2021-17",2021,"P9","S_9/9","TS1","MIX","Moutarde_H","Yes","Yes","D","Yes","No","3",-2.39554982924635,21524,21524,2825,311,75,0,5828,"Tilled",0,0.0144489871771046,0,0.270767515331723,FALSE
"2019-144",2019,"P23","S_4/5","SD2","SD","Solnu","Yes","Yes","C","Yes","No","7",2.80930368864589,29328,29328,2925,320,78,1,8599,"No-till",1,0.010911074740862,3.40971085651937e-05,0.2932010365521,FALSE
"2020-29",2020,"P37","S_6/10","SD2","MIX","Ble_H_/_Feverole_H","No","Yes","B","Yes","No","2",0.630590207257275,22779,22779,2733,272,16,1,5737,"No-till",1,0.0119408226875631,4.39000834101585e-05,0.251854778524079,FALSE
"2020-158",2020,"P17","S_2/6","SD1","SD","Orge_H","No","No","A","Yes","No","3",-2.25483733852506,23655,23655,2853,159,18,0,6003,"No-till",0,0.00672162333544705,0,0.253772986683576,FALSE
"2021-55",2021,"P20","S_4/6","SD1","SD","Solnu","No","No","A","Yes","No","7",0.347264423702003,23088,23088,2780,234,69,0,7777,"No-till",0,0.0101351351351351,0,0.336841649341649,FALSE
"2020-90",2020,"P25","S_6/7","SD2","SD","Solnu","No","Yes","B","Yes","No","5",-1.55397620082019,34060,34060,3290,427,102,0,8876,"No-till",0,0.0125366999412801,0,0.260598943041691,FALSE
"2018-30",2018,"P39","S_5/9","TS2","TS","Ble_H","Yes","Yes","D","Yes","Yes","2",-0.522158830484666,26944,26944,3146,292,35,27,6854,"Tilled",1,0.0108372921615202,0.0010020783847981,0.25437945368171,TRUE
"2018-67",2018,"P6","S_8/9","SD2","MIX","Lin_H","Yes","Yes","C","Yes","Yes","3",-1.60101755367094,23965,23965,3036,279,77,15,6131,"No-till",1,0.0116419778844148,0.000625912789484665,0.255831420822032,TRUE
"2019-98",2019,"P24","S_4/6","SD2","SD","Orge_P_/_Pois_P","Yes","Yes","C","Yes","No","7",0.511413865554101,15721,15721,2311,147,38,0,4840,"No-till",0,0.00935055021945169,0,0.307868456205076,FALSE
"2021-89",2021,"P45","S_4/7","TS1","TS","Ble_H","Yes","Yes","D","Yes","No","5",-0.96828875225511,19231,19231,2533,206,26,0,4776,"Tilled",0,0.0107118714575425,0,0.248349019811762,FALSE
"2020-126",2020,"P21","S_5/6","SD1","SD","Ble_H_/_Feverole_H","No","No","A","Yes","No","2",1.02531676079867,19839,19839,2585,228,32,0,5312,"No-till",0,0.0114925147436867,0,0.267755431221332,FALSE
"2020-141",2020,"P12","S_2/7","TS2","MIX","Feverole_H","Yes","Yes","D","No","No","7",2.47895884887895,21199,21199,2794,235,47,0,6124,"Tilled",0,0.0110854285579508,0,0.288881551016557,FALSE
"2018-79",2018,"P41","S_3/5","TS2","TS","Ble_H","Yes","Yes","D","Yes","Yes","2",-0.285464732683778,22819,22819,2929,272,60,20,6583,"Tilled",1,0.011919891318638,0.000876462596958675,0.288487663788948,TRUE
"2018-5",2018,"P11","S_1/7","SD1","MIX","Feverole_H","Yes","Yes","C","Yes","Yes","7",1.60776340832254,24661,24661,2939,279,60,0,7894,"No-till",0,0.0113134098373951,0,0.320100563642999,TRUE
"2020-121",2020,"P20","S_5/6","SD1","SD","Ble_H","No","No","A","Yes","No","7",-0.621991554189309,15832,15832,2576,183,27,9,4623,"No-till",1,0.0115588681152097,0.000568468923698838,0.29200353713997,FALSE
"2019-107",2019,"P28","S_4/10","TS2","TS","Ble_H_/_Pois_H","Yes","Yes","D","No","No","7",4.24923020456116,18447,18447,2465,209,55,0,6074,"Tilled",0,0.011329755515802,0,0.329267631593213,FALSE
"2018-97",2018,"P37","S_3/10","SD2","MIX","Pois_P","Yes","Yes","C","Yes","Yes","2",0.240813663311943,26958,26958,3064,315,41,9,7927,"No-till",1,0.0116848430892499,0.000333852659692856,0.294050003709474,TRUE
"2019-159",2019,"P31","S_1/7","TS1","MIX","Lupin_P","Yes","Yes","D","Yes","No","3",-2.15525194139179,23881,23881,2686,285,30,0,6235,"Tilled",0,0.0119341736108203,0,0.261086219170051,FALSE
"2019-119",2019,"P34","S_1/4","TS2","MIX","Ble_H","Yes","Yes","D","No","No","6",-1.15820340781904,21029,21029,2597,244,57,0,6467,"Tilled",0,0.0116030243948833,0,0.307527699843074,FALSE
"2019-151",2019,"P26","S_4/5","SD2","SD","Orge_H","Yes","Yes","C","Yes","No","2",-1.09257947279026,12040,12040,1969,149,35,0,3827,"No-till",0,0.012375415282392,0,0.317857142857143,FALSE
"2018-55",2018,"P23","S_5/5","SD2","SD","Ble_H","Yes","Yes","C","Yes","Yes","2",0.74967223042246,24374,24374,2757,311,32,1,6636,"No-till",1,0.0127594978255518,4.10273241979158e-05,0.272257323377369,TRUE
"2018-90",2018,"P46","S_4/6","TS1","TS","Ble_H","Yes","Yes","D","Yes","Yes","2",-0.589241385986992,30340,30340,3258,303,38,2,7346,"Tilled",1,0.00998681608437706,6.59195781147001e-05,0.242122610415293,TRUE
"2019-64",2019,"P1","S_2/6","TS1","MIX","Ble_H","Yes","Yes","D","Yes","No","2",-2.13634142345191,18112,18112,2541,217,25,0,4269,"Tilled",0,0.0119810070671378,0,0.235700088339223,FALSE
"2021-52",2021,"P19","S_4/7","SD1","SD","Ble_H","No","No","A","Yes","No","7",0.170692170142285,32492,32492,3073,267,87,0,11040,"No-till",0,0.00821740736181214,0,0.339775944847963,FALSE
"2021-56",2021,"P20","S_5/6","SD1","SD","Solnu","No","No","A","Yes","No","7",-0.621991554189309,24013,24013,2794,204,39,0,6588,"No-till",0,0.0084953983259068,0,0.274351392995461,FALSE
"2021-96",2021,"P46","S_6/6","TS1","TS","Solnu","Yes","Yes","D","Yes","No","1",1.40863853675206,35305,35305,2932,295,25,0,10110,"Tilled",0,0.00835575697493273,0,0.286361705140915,FALSE
"2019-15",2019,"P40","S_4/8","TS2","TS","Solnu","Yes","Yes","D","No","No","3",-2.34311932718907,19510,19510,2680,201,35,0,5851,"Tilled",0,0.0103024090210149,0,0.299897488467453,FALSE
"2021-106",2021,"P49","S_3/7","TS1","TS","Solnu","Yes","Yes","D","Yes","No","3",-1.4368037900036,18156,18156,2358,195,21,0,4843,"Tilled",0,0.0107402511566424,0,0.26674377616215,FALSE
"2019-46",2019,"P47","S_6/8","TS1","TS","Ble_H","Yes","Yes","D","Yes","No","2",2.48690303826331,20229,20229,2571,231,39,0,5229,"Tilled",0,0.0114192495921697,0,0.258490286222749,FALSE
"2018-138",2018,"P47","S_3/8","TS1","TS","Pois_P","Yes","Yes","D","Yes","Yes","1",4.77963741887619,23070,23070,2765,246,64,6,6262,"Tilled",1,0.0106631989596879,0.000260078023407022,0.271434763762462,TRUE
"2021-25",2021,"P11","S_6/7","SD1","MIX","Orge_P_/_Pois_P","No","No","A","Yes","No","1",1.00322307647183,13320,13320,2384,173,32,0,3505,"No-till",0,0.012987987987988,0,0.263138138138138,FALSE
"2021-98",2021,"P47","S_4/8","TS1","TS","Feverole_H","Yes","Yes","D","Yes","No","8",4.56371084658692,26691,26691,2710,294,78,0,7935,"Tilled",0,0.011014948859166,0,0.297291221760144,FALSE
"2019-53",2019,"P13","S_1/7","SD1","MIX","Orge_P_/_Pois_P","Yes","Yes","C","Yes","No","7",1.57193066008375,20093,20093,2730,294,69,0,5385,"No-till",0,0.0146319613795849,0,0.268003782411785,FALSE
"2021-3",2021,"P6","S_4/9","SD2","MIX","Orge_H","No","Yes","B","Yes","No","3",-1.50966496424355,21128,21128,2725,321,67,0,5892,"No-till",0,0.015193108670958,0,0.278871639530481,FALSE
"2019-36",2019,"P45","S_5/7","TS1","TS","Ble_H","Yes","Yes","D","Yes","No","5",0.287976227233796,11486,11486,2070,91,11,0,2984,"Tilled",0,0.00792268849033606,0,0.259794532474317,FALSE
"2020-108",2020,"P1","S_2/6","TS1","MIX","Solnu","Yes","Yes","D","Yes","No","2",-2.13634142345191,23185,23185,2988,252,40,0,5775,"Tilled",0,0.0108690963985335,0,0.24908345913306,FALSE
"2019-44",2019,"P47","S_4/8","TS1","TS","Ble_H","Yes","Yes","D","Yes","No","8",4.56371084658692,11474,11474,2010,128,52,0,2908,"Tilled",0,0.0111556562663413,0,0.253442565800941,FALSE
"2018-121",2018,"P32","S_2/6","SD2","MIX","Orge_H","Yes","Yes","C","Yes","Yes","2",0.763683512079939,22569,22569,3037,257,43,21,6457,"No-till",1,0.0113873011653153,0.000930479861757278,0.28610040320794,TRUE
"2019-75",2019,"P8","S_3/9","SD2","MIX","Ble_H_/_Feverole_H","Yes","Yes","C","Yes","No","2",0.172220341243607,19236,19236,2589,288,50,2,5292,"No-till",1,0.0149719276356831,0.000103971719692244,0.275109170305677,FALSE
"2020-23",2020,"P34","S_1/4","TS2","MIX","Solnu","Yes","Yes","D","No","No","6",-1.15820340781904,30740,30740,2971,252,62,0,9544,"Tilled",0,0.00819778789850358,0,0.310474951203643,FALSE
"2021-66",2021,"P39","S_6/9","TS2","TS","Ble_H_/_Pois_H","Yes","Yes","D","No","No","2",-0.27020360245875,18732,18732,2343,227,17,0,6386,"Tilled",0,0.0121183002348922,0,0.340913944052957,FALSE
"2018-146",2018,"P14","S_4/6","TS2","MIX","Ble_H","Yes","Yes","D","Yes","Yes","7",0.531132737606112,21531,21531,3047,254,58,6,5947,"Tilled",1,0.0117969439412939,0.00027866796711718,0.276206400074311,TRUE
"2018-93",2018,"P48","S_3/7","TS1","TS","Ble_H","Yes","Yes","D","Yes","Yes","2",0.000583865373383952,22953,22953,2888,250,48,8,5311,"Tilled",1,0.0108918224197273,0.000348538317431273,0.231385875484686,TRUE
"2020-76",2020,"P45","S_6/7","TS1","TS","Solnu","Yes","Yes","D","Yes","No","5",0.766466384193789,17943,17943,2515,210,11,1,4119,"Tilled",1,0.0117037284734994,5.57320403499972e-05,0.229560274201639,FALSE
"2018-135",2018,"P46","S_3/6","TS1","TS","Ble_H","Yes","Yes","D","Yes","Yes","7",2.55469654608952,21063,21063,2874,187,53,20,5527,"Tilled",1,0.00887812752219532,0.000949532355315007,0.262403266391302,TRUE
"2018-80",2018,"P41","S_4/5","TS2","TS","Ble_H","Yes","Yes","D","Yes","Yes","2",-0.536394525085105,12445,12445,2353,138,32,11,3607,"Tilled",1,0.0110887906789875,0.00088388911209321,0.289835275210928,TRUE
"2018-63",2018,"P49","S_3/7","TS1","TS","Ble_H","Yes","Yes","D","Yes","Yes","3",-1.4368037900036,26118,26118,3025,256,29,20,6445,"Tilled",1,0.00980166934681063,0.00076575541771958,0.246764683360135,TRUE
"2020-157",2020,"P17","S_1/6","SD1","SD","Orge_H","No","No","A","Yes","No","3",-1.41897677385046,25671,25671,2862,281,34,0,6511,"No-till",0,0.0109462038876553,0,0.253632503603288,FALSE
"2018-36",2018,"P18","S_6/7","SD1","SD","Ble_H","Yes","Yes","C","Yes","Yes","3",-1.57138282076925,33920,33920,3283,265,41,10,8656,"No-till",1,0.0078125,0.000294811320754717,0.255188679245283,TRUE
"2020-139",2020,"P25","S_3/7","SD2","SD","Solnu","No","Yes","B","Yes","No","7",1.07618799637063,26759,26759,2811,283,85,0,7909,"No-till",0,0.010575881011996,0,0.295564109271647,FALSE
"2020-38",2020,"P39","S_8/9","TS2","TS","Colza","Yes","Yes","D","No","No","2",-0.0331696545426073,26341,26341,2782,177,23,0,7757,"Tilled",0,0.0067195626589727,0,0.294483884438708,FALSE
"2021-124",2021,"P25","S_6/7","SD2","SD","Ble_H_/_Feverole_H","No","Yes","B","Yes","No","5",-1.55397620082019,16096,16096,2401,221,51,0,4471,"No-till",0,0.0137301192842942,0,0.277770874751491,FALSE
"2018-51",2018,"P22","S_6/6","SD2","SD","Ble_H","Yes","Yes","C","Yes","Yes","2",0.90060411066502,22768,22768,2760,300,51,0,6630,"No-till",0,0.0131763879128602,0,0.291198172874209,TRUE
"2018-104",2018,"P12","S_4/7","TS2","MIX","Feverole_P","Yes","Yes","D","Yes","Yes","1",-0.231061886066831,27648,27648,3528,249,50,19,7727,"Tilled",1,0.00900607638888889,0.000687210648148148,0.279477719907407,TRUE
"2020-7",2020,"P30","S_2/6","SD1","MIX","Orge_P_/_Pois_P","No","No","A","Yes","No","7",2.9687234415722,24536,24536,3014,272,42,22,8191,"No-till",1,0.0110857515487447,0.000896641669383763,0.333835996087382,FALSE
"2019-81",2019,"P11","S_4/7","SD1","MIX","Solnu","Yes","Yes","C","Yes","No","7",-0.40543904675287,19231,19231,2493,246,35,0,5270,"No-till",0,0.012791846497842,0,0.274036711559461,FALSE
"2020-35",2020,"P39","S_5/9","TS2","TS","Colza","Yes","Yes","D","No","No","2",-0.522158830484666,23061,23061,2515,209,21,0,7039,"Tilled",0,0.00906292008152292,0,0.305233944755214,FALSE
"2021-34",2021,"P14","S_2/6","TS2","MIX","Ble_H_/_Pois_H","Yes","Yes","D","No","No","3",-1.04756416209161,14660,14660,2254,217,20,0,4005,"Tilled",0,0.0148021828103683,0,0.273192360163711,FALSE
"2020-145",2020,"P13","S_1/7","SD1","MIX","Colza","No","No","A","Yes","No","7",1.57193066008375,27901,27901,3082,270,46,0,8068,"No-till",0,0.00967707250636178,0,0.289165262893803,FALSE
"2019-95",2019,"P22","S_5/6","SD2","SD","Colza","Yes","Yes","C","Yes","No","7",-0.283470973860264,19064,19064,2360,193,46,1,6094,"No-till",1,0.0101237935375577,5.24548887956358e-05,0.319660092320604,FALSE
"2021-102",2021,"P48","S_3/7","TS1","TS","Orge_P","Yes","Yes","D","Yes","No","2",0.000583865373383952,17961,17961,2407,227,24,0,4755,"Tilled",0,0.0126384945158956,0,0.26474027058627,FALSE
"2020-123",2020,"P21","S_2/6","SD1","SD","Ble_H_/_Feverole_H","No","No","A","Yes","No","6",-0.703431434811818,26724,26724,3194,338,53,21,7186,"No-till",1,0.0126478072144888,0.00078581050740907,0.26889687172579,FALSE
"2021-37",2021,"P14","S_5/6","TS2","MIX","Ble_H_/_Pois_H","Yes","Yes","D","No","No","2",-0.690392612828321,23185,23185,2685,325,42,0,7220,"Tilled",0,0.0140176838473151,0,0.311408238084969,FALSE
"2018-41",2018,"P1","S_2/6","TS1","MIX","Colza","Yes","Yes","D","Yes","Yes","2",-2.13634142345191,23062,23062,3079,238,32,12,4916,"Tilled",1,0.0103200069378198,0.000520336484259821,0.213164513051773,TRUE
"2020-163",2020,"P18","S_6/7","SD1","SD","Solnu","No","No","A","Yes","No","3",-1.57138282076925,26372,26372,2844,309,11,0,7531,"No-till",0,0.0117169725466404,0,0.28556802669498,FALSE
"2019-18",2019,"P40","S_7/8","TS2","TS","Solnu","Yes","Yes","D","No","No","2",-1.8818138705149,24617,24617,2802,342,68,0,6603,"Tilled",0,0.0138928382824877,0,0.268229272453995,FALSE
"2019-33",2019,"P44","S_3/5","TS1","TS","Orge_P","Yes","Yes","D","Yes","No","2",-0.547611389570147,15950,15950,2391,171,25,3,3674,"Tilled",1,0.0107210031347962,0.000188087774294671,0.230344827586207,FALSE
"2019-84",2019,"P12","S_3/7","TS2","MIX","Ble_H_/_Pois_H","Yes","Yes","D","No","No","2",0.768584667518529,15400,15400,2324,173,45,0,4613,"Tilled",0,0.0112337662337662,0,0.299545454545455,FALSE
"2019-104",2019,"P27","S_2/7","SD2","SD","Ble_H_/_Feverole_H","Yes","Yes","C","Yes","No","2",-1.39444903011707,16277,16277,2251,188,46,0,4728,"No-till",0,0.0115500399336487,0,0.29047121705474,FALSE
"2020-92",2020,"P26","S_2/5","SD2","SD","Ble_H","No","Yes","B","Yes","No","2",-0.562611240973838,31284,31284,1933,306,89,0,8647,"No-till",0,0.00978135788262371,0,0.276403273238716,FALSE
"2019-101",2019,"P25","S_6/7","SD2","SD","Ble_H","Yes","Yes","C","Yes","No","5",-1.55397620082019,17986,17986,2478,237,65,0,4806,"No-till",0,0.0131769153786278,0,0.267207828310909,FALSE
"2019-113",2019,"P31","S_4/7","TS1","MIX","Lupin_P","Yes","Yes","D","Yes","No","3",-2.46081957787689,22861,22861,2799,367,47,0,6299,"Tilled",0,0.0160535409649622,0,0.275534753510345,FALSE
"2021-94",2021,"P46","S_4/6","TS1","TS","Solnu","Yes","Yes","D","Yes","No","2",-0.589241385986992,24893,24893,2733,281,45,0,6854,"Tilled",0,0.0112883139838509,0,0.275338448559836,FALSE
"2019-158",2019,"P30","S_4/6","SD1","MIX","Ble_H_/_Feverole_H","Yes","Yes","C","Yes","No","1",0.466446512914191,28401,28401,2788,365,36,1,7681,"No-till",1,0.0128516601528115,3.5210027815922e-05,0.270448223654097,FALSE
"2020-40",2020,"P40","S_5/8","TS2","TS","Ble_H","Yes","Yes","D","No","No","3",-1.75224881822305,22115,22115,2540,311,27,0,5675,"Tilled",0,0.0140628532670133,0,0.256613158489713,FALSE
"2021-81",2021,"P43","S_1/3","TS1","TS","Orge_H","Yes","Yes","D","Yes","No","3",-1.32808820951733,16242,16242,2433,195,26,1,4634,"Tilled",1,0.0120059106021426,6.156877231868e-05,0.285309690924763,FALSE
"2020-85",2020,"P47","S_6/8","TS1","TS","Orge_P","Yes","Yes","D","Yes","No","2",2.48690303826331,22291,22291,2711,271,37,0,5140,"Tilled",0,0.0121573729307792,0,0.23058633529227,FALSE
"2019-20",2019,"P41","S_3/5","TS2","TS","Moutarde_H","Yes","Yes","D","No","No","2",-0.285464732683778,14658,14658,2093,173,18,0,4678,"Tilled",0,0.0118024287078728,0,0.319143130031382,FALSE
"2021-143",2021,"P30","S_3/6","SD1","MIX","Colza","No","No","A","Yes","No","3",0.592575165257699,13350,13350,2025,163,18,0,3916,"No-till",0,0.0122097378277154,0,0.293333333333333,FALSE
"2020-131",2020,"P23","S_1/5","SD2","SD","Ble_H_/_Feverole_H","No","Yes","B","Yes","No","7",1.57020761862273,26284,26284,2790,261,60,0,7869,"No-till",0,0.00992999543448486,0,0.299383655455791,FALSE
"2021-153",2021,"P32","S_4/6","SD2","MIX","Ble_H","No","Yes","B","Yes","No","2",-0.645818091355481,20925,20925,2815,214,53,0,6134,"No-till",0,0.0102270011947431,0,0.293142174432497,FALSE
"2021-61",2021,"P1","S_2/6","TS1","MIX","Lupin_P","Yes","Yes","D","Yes","No","2",-2.13634142345191,16629,16629,2464,187,23,0,4870,"Tilled",0,0.0112454146370798,0,0.292861867821276,FALSE
"2019-90",2019,"P16","S_4/6","SD1","SD","Lin_H","Yes","Yes","C","Yes","No","3",-1.11488328161643,31386,31386,2574,268,46,0,8607,"No-till",0,0.00853883897279042,0,0.274230548652265,FALSE
"2019-73",2019,"P7","S_2/8","TS2","MIX","Solnu","Yes","Yes","D","No","No","7",1.80429867834937,21690,21690,2904,301,28,0,5122,"Tilled",0,0.0138773628400184,0,0.236145689257722,FALSE
"2020-94",2020,"P26","S_4/5","SD2","SD","Ble_H","No","Yes","B","Yes","No","2",-1.09257947279026,28073,28073,2972,433,76,0,7552,"No-till",0,0.0154240729526591,0,0.269012930573861,FALSE
"2021-85",2021,"P44","S_1/5","TS1","TS","Colza","Yes","Yes","D","Yes","No","2",-0.881047201125199,29190,29190,2917,391,53,1,6529,"Tilled",1,0.0133949982870846,3.42583076396026e-05,0.223672490578965,FALSE
"2019-129",2019,"P9","S_2/9","TS1","MIX","Solnu","Yes","Yes","D","Yes","No","2",-1.41722082732043,24788,24788,2804,308,33,0,7343,"Tilled",0,0.0124253671131193,0,0.296232047765048,FALSE
"2018-8",2018,"P11","S_6/7","SD1","MIX","Feverole_H","Yes","Yes","C","Yes","Yes","1",1.00322307647183,30522,30522,3333,293,81,13,8973,"No-till",1,0.00959963305156936,0.000425922285564511,0.29398466679772,TRUE
