SampleID;StorageID;Year;Field_ID;ID_Point;System;SystAE;Landuse_atSampling;CropY;CropY-1;CropY-2;CropY-3;Plowing;SupTillage;TillageIntensity;FertiN;FertiPK;SequencingDepth;SoilType;Resist_V1_cor;Resist_V2_cor;Resist_V3_cor;Resist_PC1;sample_status
2018-41;CASYS_mars-2018_P1_S_2/6;2018;P1;S_2/6;TS1;MIX;Winter_Oilseedrape;Winter_Oilseedrape;Winter_Barley;Winter_Wheat;Winter_Oilseedrape;Yes;Yes;D;Yes;Yes;23062;2;25.49051285;18.85499382;20.51083946;-2.136341423;valid
2018-43;CASYS_mars-2018_P1_S_3/6;2018;P1;S_3/6;TS1;MIX;Winter_Oilseedrape;Winter_Oilseedrape;Winter_Barley;Winter_Wheat;Winter_Oilseedrape;Yes;Yes;D;Yes;Yes;20913;2;29.50077248;28.98615646;37.0592804;-0.672234239;valid
2018-44;CASYS_mars-2018_P1_S_4/6;2018;P1;S_4/6;TS1;MIX;Winter_Oilseedrape;Winter_Oilseedrape;Winter_Barley;Winter_Wheat;Winter_Oilseedrape;Yes;Yes;D;Yes;Yes;33415;2;34.12475967;33.00229645;37.98065567;-0.063786701;valid
2018-45;CASYS_mars-2018_P1_S_6/6;2018;P1;S_6/6;TS1;MIX;Winter_Oilseedrape;Winter_Oilseedrape;Winter_Barley;Winter_Wheat;Winter_Oilseedrape;Yes;Yes;D;Yes;Yes;22111;2;34.11076355;32.64878082;42.22719574;0.074099846;valid
2018-1;CASYS_mars-2018_P10_S_1/8;2018;P10;S_1/8;SD1;MIX;Winter_Barley;Winter_Barley;Winter_Wheat;Winter_Mustard;Winter_Wheat;Yes;Yes;C;Yes;Yes;23818;6;26.60034752;24.27424812;34.60169983;-1.239657504;valid
2018-2;CASYS_mars-2018_P10_S_3/8;2018;P10;S_3/8;SD1;MIX;Winter_Barley;Winter_Barley;Winter_Mustard;Winter_Barley;Winter_Wheat;Yes;Yes;C;Yes;Yes;26270;3;21.98937988;16.98521996;18.80698967;-2.572458653;valid
2018-3;CASYS_mars-2018_P10_S_5/8;2018;P10;S_5/8;SD1;MIX;Winter_Barley;Winter_Barley;Winter_Mustard;Winter_Barley;Winter_Wheat;Yes;Yes;C;Yes;Yes;25111;3;25.8669548;19.9294281;22.83309364;-1.963829389;valid
2018-4;CASYS_mars-2018_P10_S_6/8;2018;P10;S_6/8;SD1;MIX;Winter_Barley;Winter_Barley;Winter_Wheat;Winter_Mustard;Winter_Wheat;Yes;Yes;C;Yes;Yes;27874;7;30.15846825;32.18008423;50.19648361;0.035960455;valid
2018-5;CASYS_mars-2018_P11_S_1/7;2018;P11;S_1/7;SD1;MIX;Winter_Fababean;Winter_Fababean;Winter_Barley;Winter_Wheat;Spring_Mustard;Yes;Yes;C;Yes;Yes;24661;7;34.22989655;47.49969864;62.1258316;1.607763408;valid
2018-6;CASYS_mars-2018_P11_S_4/7;2018;P11;S_4/7;SD1;MIX;Winter_Fababean;Winter_Fababean;Spring_Oat;Winter_Barley;Winter_Wheat;Yes;Yes;C;Yes;Yes;4482;7;26.14457703;32.32195663;46.56547546;-0.405439047;low_depth
2018-7;CASYS_mars-2018_P11_S_5/7;2018;P11;S_5/7;SD1;MIX;Winter_Fababean;Winter_Fababean;Winter_Barley;Winter_Wheat;Spring_Mustard;Yes;Yes;C;Yes;Yes;21627;7;34.03795624;41.66627502;55.0654335;1.02204726;valid
2018-8;CASYS_mars-2018_P11_S_6/7;2018;P11;S_6/7;SD1;MIX;Winter_Fababean;Winter_Fababean;Spring_Oat;Winter_Barley;Winter_Wheat;Yes;Yes;C;Yes;Yes;30522;1;35.21259308;40.50845718;53.7323494;1.003223076;valid
2018-9;CASYS_mars-2018_P12_S_2/7;2018;P12;S_2/7;TS2;MIX;Bare_Soil;Spring_Fababean;Spring_Oat;Winter_Barley;Winter_Wheat;Yes;Yes;D;Yes;Yes;29117;7;41.54918289;50.16750336;66.36410522;2.478958849;valid
2018-10;CASYS_mars-2018_P12_S_3/7;2018;P12;S_3/7;TS2;MIX;Bare_Soil;Spring_Fababean;Winter_Barley;Winter_Wheat;Spring_Mustard;Yes;Yes;D;Yes;Yes;28148;2;33.70868683;40.09207153;51.17554092;0.768584668;valid
2018-104;CASYS_mars-2018_P12_S_4/7;2018;P12;S_4/7;TS2;MIX;Bare_Soil;Spring_Fababean;Winter_Barley;Winter_Wheat;Spring_Mustard;Yes;Yes;D;Yes;Yes;27648;1;29.27592468;31.99465752;45.12912369;-0.231061886;valid
2018-105;CASYS_mars-2018_P12_S_5/7;2018;P12;S_5/7;TS2;MIX;Bare_Soil;Spring_Fababean;Spring_Oat;Winter_Barley;Winter_Wheat;Yes;Yes;D;Yes;Yes;23792;7;39.92574692;49.50222397;65.30367279;2.277365606;valid
2018-141;CASYS_mars-2018_P13_S_1/7;2018;P13;S_1/7;SD1;MIX;Winter_Wheat;Winter_Wheat;Winter_Wheat;Winter_Fababean;Winter_Wheat;Yes;Yes;C;Yes;Yes;7484;7;37.4404068;46.21429825;56.2261467;1.57193066;low_depth
2018-142;CASYS_mars-2018_P13_S_2/7;2018;P13;S_2/7;SD1;MIX;Winter_Wheat;Winter_Wheat;Winter_Oilseedrape;Winter_Wheat;Winter_Fababean;Yes;Yes;C;Yes;Yes;8231;2;30.63530731;28.8850708;44.46033096;-0.313995046;low_depth
2018-143;CASYS_mars-2018_P13_S_5/7;2018;P13;S_5/7;SD1;MIX;Winter_Wheat;Winter_Wheat;Winter_Wheat;Winter_Fababean;Winter_Wheat;Yes;Yes;C;Yes;Yes;22454;7;28.75388336;38.05133438;44.96168137;0.042215628;valid
2018-144;CASYS_mars-2018_P13_S_6/7;2018;P13;S_6/7;SD1;MIX;Winter_Wheat;Winter_Wheat;Winter_Oilseedrape;Winter_Wheat;Winter_Fababean;Yes;Yes;C;Yes;Yes;49507;2;29.11074638;26.44653702;31.82166481;-1.031555415;valid
2018-145;CASYS_mars-2018_P14_S_2/6;2018;P14;S_2/6;TS2;MIX;Winter_Wheat;Winter_Wheat;Winter_Wheat;Winter_Fababean;Winter_Wheat;Yes;Yes;D;Yes;Yes;7291;3;24.78042984;30.33161545;34.98192596;-1.047564162;low_depth
2018-11;CASYS_mars-2018_P14_S_3/6;2018;P14;S_3/6;TS2;MIX;Winter_Wheat;Winter_Wheat;Winter_Oilseedrape;Winter_Wheat;Winter_Fababean;Yes;Yes;D;Yes;Yes;24076;2;31.1243;31.92507935;38.51337814;-0.335761293;valid
2018-146;CASYS_mars-2018_P14_S_4/6;2018;P14;S_4/6;TS2;MIX;Winter_Wheat;Winter_Wheat;Winter_Wheat;Winter_Fababean;Winter_Wheat;Yes;Yes;D;Yes;Yes;21531;7;30.09565353;40.40242767;51.95240402;0.531132738;valid
2018-147;CASYS_mars-2018_P14_S_5/6;2018;P14;S_5/6;TS2;MIX;Winter_Wheat;Winter_Wheat;Winter_Oilseedrape;Winter_Wheat;Winter_Fababean;Yes;Yes;D;Yes;Yes;11524;2;28.27093506;27.63433266;41.08750916;-0.690392613;contaminated
2018-108;CASYS_mars-2018_P16_S_2/6;2018;P16;S_2/6;SD1;SD;Bare_Soil;Spring_Barley;Winter_Wheat;Winter_Mustard;Winter_Barley;Yes;Yes;C;Yes;Yes;32931;3;30.5552597;24.76527977;30.1264801;-1.07039277;valid
2018-109;CASYS_mars-2018_P16_S_3/6;2018;P16;S_3/6;SD1;SD;Bare_Soil;Spring_Barley;Winter_Wheat;Winter_Mustard;Winter_Barley;Yes;Yes;C;Yes;Yes;21960;1;35.6476059;33.14266968;45.76163101;0.351715205;valid
2018-148;CASYS_mars-2018_P16_S_4/6;2018;P16;S_4/6;SD1;SD;Bare_Soil;Spring_Barley;Winter_Wheat;Winter_Pea;Spring_Oat;Yes;Yes;C;Yes;Yes;27867;3;28.75119591;24.35053825;33.32082367;-1.114883282;valid
2018-110;CASYS_mars-2018_P16_S_6/6;2018;P16;S_6/6;SD1;SD;Bare_Soil;Spring_Barley;Winter_Wheat;Winter_Mustard;Winter_Barley;Yes;Yes;C;Yes;Yes;28779;1;35.21411896;38.08056641;52.52583313;0.83012944;valid
2018-12;CASYS_mars-2018_P17_S_1/6;2018;P17;S_1/6;SD1;SD;Winter_Barley;Winter_Barley;Winter_Mustard;Winter_Wheat;Winter_Pea;Yes;Yes;C;Yes;Yes;26605;3;26.44153786;23.13142014;31.73491478;-1.418976774;valid
2018-13;CASYS_mars-2018_P17_S_2/6;2018;P17;S_2/6;SD1;SD;Winter_Barley;Winter_Barley;Winter_Mustard;Winter_Wheat;Winter_Pea;Yes;Yes;C;Yes;Yes;22205;3;23.0542717;18.73923874;22.618433;-2.254837339;valid
2018-14;CASYS_mars-2018_P17_S_3/6;2018;P17;S_3/6;SD1;SD;Winter_Barley;Winter_Barley;Winter_Mustard;Winter_Wheat;Winter_Pea;Yes;Yes;C;Yes;Yes;27293;3;25.27669525;21.55520439;28.97761726;-1.695873075;valid
2018-33;CASYS_mars-2018_P17_S_6/6;2018;P17;S_6/6;SD1;SD;Winter_Barley;Winter_Barley;Winter_Mustard;Winter_Wheat;Winter_Pea;Yes;Yes;C;Yes;Yes;25769;3;23.19729614;18.74650955;25.89216232;-2.121703601;valid
2018-34;CASYS_mars-2018_P18_S_2/7;2018;P18;S_2/7;SD1;SD;Winter_Wheat;Winter_Wheat;Winter_Mustard;Winter_Wheat;Winter_Pea;Yes;Yes;C;Yes;Yes;3784;5;25.9823246;28.20646858;34.06893539;-1.099819834;low_depth
2018-35;CASYS_mars-2018_P18_S_4/7;2018;P18;S_4/7;SD1;SD;Winter_Wheat;Winter_Wheat;Winter_Mustard;Winter_Wheat;Winter_Pea;Yes;Yes;C;Yes;Yes;32954;5;25.65625954;25.91451454;39.98480988;-1.026893454;valid
2018-36;CASYS_mars-2018_P18_S_6/7;2018;P18;S_6/7;SD1;SD;Winter_Wheat;Winter_Wheat;Winter_Wheat;Winter_Pea;Spring_Oat;Yes;Yes;C;Yes;Yes;33920;3;28.53821182;21.00909996;26.2351017;-1.571382821;valid
2018-37;CASYS_mars-2018_P18_S_7/7;2018;P18;S_7/7;SD1;SD;Winter_Wheat;Winter_Wheat;Winter_Mustard;Winter_Wheat;Winter_Pea;Yes;Yes;C;Yes;Yes;24068;5;30.16370201;32.69610214;45.68448257;-0.103873732;valid
2018-38;CASYS_mars-2018_P19_S_2/7;2018;P19;S_2/7;SD1;SD;Bare_Soil;Soybean;Winter_Wheat;Winter_Oilseedrape;Winter_Wheat;Yes;Yes;C;Yes;Yes;30750;7;34.12757111;32.43252945;43.28556442;0.103275851;valid
2018-39;CASYS_mars-2018_P19_S_3/7;2018;P19;S_3/7;SD1;SD;Bare_Soil;Soybean;Winter_Wheat;Winter_Oilseedrape;Winter_Barley;Yes;Yes;C;Yes;Yes;27733;7;28.77690125;28.16507912;34.95448303;-0.850457196;valid
2018-42;CASYS_mars-2018_P19_S_7/7;2018;P19;S_7/7;SD1;SD;Bare_Soil;Soybean;Winter_Wheat;Winter_Oilseedrape;Winter_Barley;Yes;Yes;C;Yes;Yes;3595;7;35.43756485;38.52494812;49.46493912;0.757462497;low_depth
2018-111;CASYS_mars-2018_P20_S_3/6;2018;P20;S_3/6;SD1;SD;Bare_Soil;Soybean;Winter_Wheat;Winter_Oilseedrape;Winter_Wheat;Yes;Yes;C;Yes;Yes;21569;7;31.66583443;35.00674438;48.96922684;0.257844164;valid
2018-112;CASYS_mars-2018_P20_S_4/6;2018;P20;S_4/6;SD1;SD;Bare_Soil;Soybean;Winter_Wheat;Winter_Oilseedrape;Winter_Wheat;Yes;Yes;C;Yes;Yes;22796;7;31.15576935;35.96332169;51.08974457;0.347264424;valid
2018-46;CASYS_mars-2018_P20_S_5/6;2018;P20;S_5/6;SD1;SD;Bare_Soil;Soybean;Winter_Wheat;Winter_Oilseedrape;Winter_Barley;Yes;Yes;C;Yes;Yes;26433;7;27.50270462;30.06919861;41.08026886;-0.621991554;valid
2018-47;CASYS_mars-2018_P20_S_6/6;2018;P20;S_6/6;SD1;SD;Bare_Soil;Soybean;Winter_Wheat;Winter_Oilseedrape;Winter_Wheat;Yes;Yes;C;Yes;Yes;27463;7;36.40821457;39.06391525;54.72986221;1.057413851;valid
2018-149;CASYS_mars-2018_P21_S_2/6;2018;P21;S_2/6;SD1;SD;Bare_Soil;Spring_Barley;Winter_Wheat;Spring_Barley;Spring_Barley;Yes;Yes;C;Yes;Yes;18365;6;30.28026009;26.3157444;38.38027191;-0.703431435;valid
2018-151;CASYS_mars-2018_P21_S_4/6;2018;P21;S_4/6;SD1;SD;Bare_Soil;Spring_Barley;Winter_Wheat;Spring_Barley;Spring_Barley;Yes;Yes;C;Yes;Yes;25219;2;28.43782425;28.11338615;39.79287338;-0.70006774;valid
2018-48;CASYS_mars-2018_P22_S_3/6;2018;P22;S_3/6;SD2;SD;Winter_Wheat;Winter_Wheat;Winter_Fababean;Winter_Wheat;Soybean;Yes;Yes;C;Yes;Yes;31185;2;37.70401001;43.60313416;61.91536331;1.665698015;valid
2018-49;CASYS_mars-2018_P22_S_4/6;2018;P22;S_4/6;SD2;SD;Winter_Wheat;Winter_Wheat;Winter_Fababean;Winter_Wheat;Soybean;Yes;Yes;C;Yes;Yes;36085;2;40.80486679;51.35557556;70.48448944;2.63655103;valid
2018-50;CASYS_mars-2018_P22_S_5/6;2018;P22;S_5/6;SD2;SD;Winter_Wheat;Winter_Wheat;Winter_Oilseedrape;Winter_Barley;Winter_Oat;Yes;Yes;C;Yes;Yes;29314;7;25.01616859;33.87634277;50.01407242;-0.283470974;valid
2018-51;CASYS_mars-2018_P22_S_6/6;2018;P22;S_6/6;SD2;SD;Winter_Wheat;Winter_Wheat;Winter_Fababean;Winter_Wheat;Soybean;Yes;Yes;C;Yes;Yes;22768;2;34.75524521;42.03908157;49.75218582;0.900604111;valid
2018-52;CASYS_mars-2018_P23_S_1/5;2018;P23;S_1/5;SD2;SD;Winter_Wheat;Winter_Wheat;Winter_Fababean;Winter_Wheat;Soybean;Yes;Yes;C;Yes;Yes;26752;7;37.48980331;44.70716095;58.2224617;1.570207619;valid
2018-53;CASYS_mars-2018_P23_S_3/5;2018;P23;S_3/5;SD2;SD;Winter_Wheat;Winter_Wheat;Winter_Fababean;Winter_Wheat;Soybean;Yes;Yes;C;Yes;Yes;30817;7;40.64994049;51.54655838;72.27022552;2.700836297;valid
2018-54;CASYS_mars-2018_P23_S_4/5;2018;P23;S_4/5;SD2;SD;Winter_Wheat;Winter_Wheat;Winter_Wheat;Soybean;Winter_Wheat;Yes;Yes;C;Yes;Yes;26291;7;42.7458725;52.02490997;70.09320068;2.809303689;valid
2018-55;CASYS_mars-2018_P23_S_5/5;2018;P23;S_5/5;SD2;SD;Winter_Wheat;Winter_Wheat;Winter_Fababean;Winter_Wheat;Soybean;Yes;Yes;C;Yes;Yes;24374;2;35.26184082;36.27852249;52.82532501;0.74967223;valid
2018-113;CASYS_mars-2018_P24_S_1/6;2018;P24;S_1/6;SD2;SD;Winter_Wheat;Winter_Wheat;Winter_Wheat;Soybean;Winter_Wheat;Yes;Yes;C;Yes;Yes;30324;7;34.09690475;40.95318604;51.33763504;0.850525928;valid
2018-153;CASYS_mars-2018_P24_S_2/6;2018;P24;S_2/6;SD2;SD;Winter_Wheat;Winter_Wheat;Winter_Wheat;Soybean;Winter_Wheat;Yes;Yes;C;Yes;Yes;16659;7;41.78979111;55.02865601;73.50037384;3.019875971;valid
2018-155;CASYS_mars-2018_P25_S_3/7;2018;P25;S_3/7;SD2;SD;Winter_Wheat;Winter_Wheat;Winter_Wheat;Soybean;Winter_Wheat;Yes;Yes;C;Yes;Yes;20734;7;35.36741638;40.19919968;55.81165314;1.076187996;valid
2018-156;CASYS_mars-2018_P25_S_4/7;2018;P25;S_4/7;SD2;SD;Winter_Wheat;Winter_Wheat;Winter_Wheat;Soybean;Winter_Wheat;Yes;Yes;C;Yes;Yes;21665;5;22.3349247;15.90906525;13.47082806;-2.800477876;valid
2018-115;CASYS_mars-2018_P25_S_6/7;2018;P25;S_6/7;SD2;SD;Winter_Wheat;Winter_Wheat;Winter_Wheat;Soybean;Winter_Wheat;Yes;Yes;C;Yes;Yes;22452;5;24.68734741;24.81898117;29.39203453;-1.553976201;valid
2018-116;CASYS_mars-2018_P25_S_7/7;2018;P25;S_7/7;SD2;SD;Winter_Wheat;Winter_Wheat;Winter_Wheat;Soybean;Winter_Wheat;Yes;Yes;C;Yes;Yes;25485;7;61.37896347;74.83243561;93.73986053;6.351650586;valid
2018-157;CASYS_mars-2018_P26_S_2/5;2018;P26;S_2/5;SD2;SD;Winter_Wheat;Winter_Wheat;Winter_Oilseedrape;Tritacale_/_Winter_Fababean;Winter_Wheat;Yes;Yes;C;Yes;Yes;6268;2;29.59803391;28.9182415;39.90336609;-0.562611241;low_depth
2018-56;CASYS_mars-2018_P26_S_3/5;2018;P26;S_3/5;SD2;SD;Winter_Wheat;Winter_Wheat;Winter_Wheat;Soybean;Winter_Wheat;Yes;Yes;C;Yes;Yes;6017;7;34.7252655;47.46476746;65.77185059;1.780058915;low_depth
2018-57;CASYS_mars-2018_P26_S_4/5;2018;P26;S_4/5;SD2;SD;Winter_Wheat;Winter_Wheat;Winter_Oilseedrape;Tritacale_/_Winter_Fababean;Winter_Wheat;Yes;Yes;C;Yes;Yes;31849;2;28.3361702;25.36258316;33.35450745;-1.092579473;valid
2018-58;CASYS_mars-2018_P26_S_5/5;2018;P26;S_5/5;SD2;SD;Winter_Wheat;Winter_Wheat;Winter_Oilseedrape;Tritacale_/_Winter_Fababean;Winter_Wheat;Yes;Yes;C;Yes;Yes;37381;2;27.61285019;26.44705772;37.14890289;-0.950928152;valid
2018-158;CASYS_mars-2018_P27_S_1/7;2018;P27;S_1/7;SD2;SD;Winter_Wheat;Winter_Wheat;Winter_Oilseedrape;Winter_Barley;Winter_Oat;Yes;Yes;C;Yes;Yes;4876;7;34.93305969;43.72417831;62.12804794;1.463175886;low_depth
2018-59;CASYS_mars-2018_P27_S_2/7;2018;P27;S_2/7;SD2;SD;Winter_Wheat;Winter_Wheat;Winter_Barley;Winter_Wheat;Winter_Oilseedrape;Yes;Yes;C;Yes;Yes;33152;2;26.28034592;23.50452042;32.20371246;-1.39444903;valid
2018-60;CASYS_mars-2018_P27_S_4/7;2018;P27;S_4/7;SD2;SD;Winter_Wheat;Winter_Wheat;Winter_Barley;Winter_Wheat;Winter_Oilseedrape;Yes;Yes;C;Yes;Yes;5451;2;28.40479469;27.86361694;37.73934174;-0.792113055;low_depth
2018-61;CASYS_mars-2018_P27_S_6/7;2018;P27;S_6/7;SD2;SD;Winter_Wheat;Winter_Wheat;Winter_Oilseedrape;Winter_Barley;Winter_Oat;Yes;Yes;C;Yes;Yes;24078;1;27.16226768;35.25706482;46.44413757;-0.175071388;valid
2018-159;CASYS_mars-2018_P28_S_3/10;2018;P28;S_3/10;TS2;TS;Winter_Oilseedrape;Winter_Oilseedrape;Spring_Barley;Spring_Oat;Soybean;Yes;Yes;D;Yes;Yes;26302;7;35.27245712;42.48793411;55.95804977;1.195246926;valid
2018-15;CASYS_mars-2018_P28_S_5/10;2018;P28;S_5/10;TS2;TS;Winter_Oilseedrape;Winter_Oilseedrape;Spring_Barley;Spring_Oat;Soybean;Yes;Yes;D;Yes;Yes;23066;7;51.19502258;61.01482773;72.14298248;4.022030041;valid
2018-16;CASYS_mars-2018_P28_S_6/10;2018;P28;S_6/10;TS2;TS;Winter_Oilseedrape;Winter_Oilseedrape;Spring_Barley;Spring_Oat;Soybean;Yes;Yes;D;Yes;Yes;28054;1;43.39596176;52.89743805;69.29784393;2.876788168;valid
2018-117;CASYS_mars-2018_P29_S_1/7;2018;P29;S_1/7;TS2;TS;Winter_Barley;Winter_Barley;Winter_Wheat;Winter_Mustard;Winter_Barley;Yes;Yes;D;Yes;Yes;21404;7;52.07125473;65.1702652;75.45048523;4.43319053;valid
2018-118;CASYS_mars-2018_P29_S_2/7;2018;P29;S_2/7;TS2;TS;Winter_Barley;Winter_Barley;Spring_Barley;Spring_Oat;Soybean;Yes;Yes;D;Yes;Yes;29490;1;35.49913788;41.29926682;54.88022995;1.110093638;valid
2018-119;CASYS_mars-2018_P29_S_4/7;2018;P29;S_4/7;TS2;TS;Winter_Barley;Winter_Barley;Winter_Wheat;Winter_Mustard;Winter_Barley;Yes;Yes;D;Yes;Yes;23565;7;38.24475861;45.5808754;58.99778366;1.704281736;valid
2018-120;CASYS_mars-2018_P29_S_5/7;2018;P29;S_5/7;TS2;TS;Winter_Barley;Winter_Barley;Spring_Barley;Spring_Oat;Soybean;Yes;Yes;D;Yes;Yes;57473;3;27.32024384;22.05771828;25.1987648;-1.649704542;valid
2018-17;CASYS_mars-2018_P30_S_2/6;2018;P30;S_2/6;SD1;MIX;Winter_Wheat;Winter_Wheat;Soybean;Spring_Barley;Winter_Barley;Yes;Yes;C;Yes;Yes;29639;7;48.83739853;49.5485878;65.07707214;2.968723442;valid
2018-18;CASYS_mars-2018_P30_S_3/6;2018;P30;S_3/6;SD1;MIX;Winter_Wheat;Winter_Wheat;Winter_Wheat;Sunflower;Winter_Wheat;Yes;Yes;C;Yes;Yes;26908;3;36.25416565;38.31503296;43.60243988;0.592575165;valid
2018-19;CASYS_mars-2018_P30_S_4/6;2018;P30;S_4/6;SD1;MIX;Winter_Wheat;Winter_Wheat;Soybean;Spring_Barley;Winter_Barley;Yes;Yes;C;Yes;Yes;24265;1;39.22565842;32.53931427;42.17079544;0.466446513;valid
2018-20;CASYS_mars-2018_P30_S_5/6;2018;P30;S_5/6;SD1;MIX;Winter_Wheat;Winter_Wheat;Soybean;Spring_Barley;Winter_Barley;Yes;Yes;C;Yes;Yes;25062;1;31.72906494;32.49445724;44.34664917;-0.041727772;valid
2018-161;CASYS_mars-2018_P31_S_1/7;2018;P31;S_1/7;TS1;MIX;Bare_Soil;Spring_Oat;Sunflower;Winter_Oat;Winter_Wheat;Yes;Yes;D;Yes;Yes;27604;3;22.44462204;18.19041824;27.36690712;-2.155251941;valid
2018-162;CASYS_mars-2018_P31_S_2/7;2018;P31;S_2/7;TS1;MIX;Bare_Soil;Spring_Oat;Winter_Wheat;Sunflower;Winter_Wheat;Yes;Yes;D;Yes;Yes;9969;3;23.43868637;19.28284264;23.27307129;-2.171698323;low_depth
2018-163;CASYS_mars-2018_P31_S_4/7;2018;P31;S_4/7;TS1;MIX;Bare_Soil;Spring_Oat;Sunflower;Winter_Oat;Winter_Wheat;Yes;Yes;D;Yes;Yes;23035;3;21.52295303;18.06248283;21.26202393;-2.460819578;valid
2018-96;CASYS_mars-2018_P31_S_6/7;2018;P31;S_6/7;TS1;MIX;Bare_Soil;Spring_Oat;Sunflower;Winter_Oat;Winter_Wheat;Yes;Yes;D;Yes;Yes;25881;3;21.28235245;17.62153053;23.09143257;-2.43504021;valid
2018-21;CASYS_mars-2018_P32_S_1/6;2018;P32;S_1/6;SD2;MIX;Winter_Barley;Winter_Barley;Winter_Wheat;Spring_Pea;Winter_Oat;Yes;Yes;C;Yes;Yes;25196;2;35.75452042;38.53396988;49.63495255;0.789053647;valid
2018-121;CASYS_mars-2018_P32_S_2/6;2018;P32;S_2/6;SD2;MIX;Winter_Barley;Winter_Barley;Winter_Wheat;Spring_Pea;Winter_Oat;Yes;Yes;C;Yes;Yes;22569;2;36.2758255;33.78181458;54.62225342;0.763683512;valid
2018-22;CASYS_mars-2018_P32_S_3/6;2018;P32;S_3/6;SD2;MIX;Winter_Barley;Winter_Barley;Winter_Barley;Winter_Wheat;Spring_Pea;Yes;Yes;C;Yes;Yes;29877;7;35.47964478;35.74013138;41.09947205;0.302842901;valid
2018-23;CASYS_mars-2018_P32_S_4/6;2018;P32;S_4/6;SD2;MIX;Winter_Barley;Winter_Barley;Winter_Wheat;Spring_Pea;Winter_Oat;Yes;Yes;C;Yes;Yes;22376;2;32.96232986;26.93515968;33.39754868;-0.645818091;valid
2018-122;CASYS_mars-2018_P33_S_2/6;2018;P33;S_2/6;TS1;MIX;Winter_Wheat;Winter_Wheat;Winter_Oilseedrape;Winter_Barley;Winter_Wheat;Yes;Yes;D;Yes;Yes;23567;2;29.12561989;41.20984268;54.10970306;0.57803774;valid
2018-123;CASYS_mars-2018_P33_S_3/6;2018;P33;S_3/6;TS1;MIX;Winter_Wheat;Winter_Wheat;Winter_Barley;Winter_Wheat;Spring_Pea;Yes;Yes;D;Yes;Yes;23159;2;30.54327774;46.47262573;65.20194244;1.37918965;valid
2018-124;CASYS_mars-2018_P33_S_4/6;2018;P33;S_4/6;TS1;MIX;Winter_Wheat;Winter_Wheat;Winter_Oilseedrape;Winter_Barley;Winter_Wheat;Yes;Yes;D;Yes;Yes;11402;2;23.13487053;25.41486549;40.43363571;-1.233948737;contaminated
2018-125;CASYS_mars-2018_P33_S_5/6;2018;P33;S_5/6;TS1;MIX;Winter_Wheat;Winter_Wheat;Winter_Oilseedrape;Winter_Barley;Winter_Wheat;Yes;Yes;D;Yes;Yes;23074;2;22.66707802;23.50545311;31.40492058;-1.706791128;valid
2018-24;CASYS_mars-2018_P34_S_1/4;2018;P34;S_1/4;TS2;MIX;Bare_Soil;Sunflower;Spring_Barley;Spring_Barley;Winter_Oat;Yes;Yes;D;Yes;Yes;23708;6;25.59155083;25.80328369;36.74324417;-1.158203408;valid
2018-25;CASYS_mars-2018_P34_S_2/4;2018;P34;S_2/4;TS2;MIX;Bare_Soil;Sunflower;Spring_Barley;Spring_Barley;Winter_Oat;Yes;Yes;D;Yes;Yes;30262;5;38.80677795;47.11414719;68.22689056;2.172043555;valid
2018-26;CASYS_mars-2018_P34_S_3/4;2018;P34;S_3/4;TS2;MIX;Bare_Soil;Sunflower;Spring_Barley;Spring_Barley;Winter_Oat;Yes;Yes;D;Yes;Yes;40672;2;26.66508675;30.5266819;38.3198967;-0.765832976;valid
2018-27;CASYS_mars-2018_P34_S_4/4;2018;P34;S_4/4;TS2;MIX;Bare_Soil;Sunflower;Spring_Barley;Spring_Barley;Winter_Oat;Yes;Yes;D;Yes;Yes;19984;5;39.45975113;41.9164772;48.38216019;1.211367158;valid
2018-97;CASYS_mars-2018_P37_S_3/10;2018;P37;S_3/10;SD2;MIX;Bare_Soil;Spring_Pea;Winter_Oat;Winter_Wheat;Sunflower;Yes;Yes;C;Yes;Yes;26958;2;38.98884201;32.24332047;37.0148468;0.240813663;valid
2018-98;CASYS_mars-2018_P37_S_4/10;2018;P37;S_4/10;SD2;MIX;Bare_Soil;Spring_Pea;Winter_Oat;Winter_Wheat;Sunflower;Yes;Yes;C;Yes;Yes;24604;2;42.41016388;40.88479614;49.75284576;1.438559973;valid
2018-99;CASYS_mars-2018_P37_S_6/10;2018;P37;S_6/10;SD2;MIX;Bare_Soil;Spring_Pea;Winter_Oat;Winter_Wheat;Sunflower;Yes;Yes;C;Yes;Yes;20405;2;41.58791351;32.95064163;41.02745438;0.630590207;valid
2018-100;CASYS_mars-2018_P37_S_7/10;2018;P37;S_7/10;SD2;MIX;Bare_Soil;Spring_Pea;Winter_Barley;Winter_Wheat;Soybean;Yes;Yes;C;Yes;Yes;25998;2;37.38601303;27.71624565;37.14509583;-0.11920974;valid
2018-28;CASYS_mars-2018_P38_S_4/11;2018;P38;S_4/11;TS2;TS;Bare_Soil;Soybean;Winter_Wheat;Soybean;Winter_Barley;Yes;Yes;D;Yes;Yes;25055;2;33.25239944;25.41822052;25.40917015;-0.999971899;valid
2018-29;CASYS_mars-2018_P38_S_5/11;2018;P38;S_5/11;TS2;TS;Bare_Soil;Soybean;Winter_Wheat;Soybean;Winter_Barley;Yes;Yes;D;Yes;Yes;5924;2;30.47856522;24.10016251;25.79000092;-1.272591734;low_depth
2018-127;CASYS_mars-2018_P38_S_8/11;2018;P38;S_8/11;TS2;TS;Bare_Soil;Soybean;Soybean;Winter_Barley;Winter_Wheat;Yes;Yes;D;Yes;Yes;26481;2;31.20078659;27.42755508;34.96733475;-0.699324004;valid
2018-30;CASYS_mars-2018_P39_S_5/9;2018;P39;S_5/9;TS2;TS;Winter_Wheat;Winter_Wheat;Soybean;Winter_Wheat;Winter_Oilseedrape;Yes;Yes;D;Yes;Yes;26944;2;29.25809097;30.84654617;38.96244431;-0.52215883;valid
2018-31;CASYS_mars-2018_P39_S_6/9;2018;P39;S_6/9;TS2;TS;Winter_Wheat;Winter_Wheat;Soybean;Winter_Wheat;Winter_Oilseedrape;Yes;Yes;D;Yes;Yes;20997;2;28.60657692;33.57165909;43.23918915;-0.270203602;valid
2018-32;CASYS_mars-2018_P39_S_7/9;2018;P39;S_7/9;TS2;TS;Winter_Wheat;Winter_Wheat;Soybean;Winter_Barley;Winter_Wheat;Yes;Yes;D;Yes;Yes;30689;2;28.20000648;24.44899368;29.06915474;-1.310675336;valid
2018-73;CASYS_mars-2018_P39_S_8/9;2018;P39;S_8/9;TS2;TS;Winter_Wheat;Winter_Wheat;Soybean;Winter_Wheat;Winter_Oilseedrape;Yes;Yes;D;Yes;Yes;31315;2;32.19332123;34.17389297;41.20654678;-0.033169655;valid
2018-74;CASYS_mars-2018_P40_S_4/8;2018;P40;S_4/8;TS2;TS;Winter_Wheat;Winter_Wheat;Winter_Oilseedrape;Winter_Barley;Winter_Wheat;Yes;Yes;D;Yes;Yes;4513;3;21.54273033;17.92028809;24.59273338;-2.343119327;low_depth
2018-75;CASYS_mars-2018_P40_S_5/8;2018;P40;S_5/8;TS2;TS;Winter_Wheat;Winter_Wheat;Winter_Oilseedrape;Winter_Barley;Winter_Wheat;Yes;Yes;D;Yes;Yes;20883;3;26.82535553;20.36508369;25.89103508;-1.752248818;valid
2018-76;CASYS_mars-2018_P40_S_6/8;2018;P40;S_6/8;TS2;TS;Winter_Wheat;Winter_Wheat;Winter_Oilseedrape;Winter_Wheat;Spring_Barley;Yes;Yes;D;Yes;Yes;32188;2;27.23273468;19.55216789;26.22763634;-1.750869661;valid
2018-77;CASYS_mars-2018_P40_S_7/8;2018;P40;S_7/8;TS2;TS;Winter_Wheat;Winter_Wheat;Winter_Oilseedrape;Winter_Barley;Winter_Wheat;Yes;Yes;D;Yes;Yes;26773;2;27.13938141;19.75190163;22.61333656;-1.881813871;valid
2018-78;CASYS_mars-2018_P41_S_2/5;2018;P41;S_2/5;TS2;TS;Winter_Wheat;Winter_Wheat;Winter_Wheat;Winter_Oilseedrape;Tritacale_/_Winter_Fababean;Yes;Yes;D;Yes;Yes;25840;2;28.91122246;31.21051788;34.53362274;-0.694497656;valid
2018-79;CASYS_mars-2018_P41_S_3/5;2018;P41;S_3/5;TS2;TS;Winter_Wheat;Winter_Wheat;Winter_Wheat;Winter_Oilseedrape;Tritacale_/_Winter_Fababean;Yes;Yes;D;Yes;Yes;22819;2;31.03715897;32.72729874;38.90886688;-0.285464733;valid
2018-80;CASYS_mars-2018_P41_S_4/5;2018;P41;S_4/5;TS2;TS;Winter_Wheat;Winter_Wheat;Winter_Wheat;Winter_Oilseedrape;Tritacale_/_Winter_Fababean;Yes;Yes;D;Yes;Yes;12445;2;31.79307747;29.24896812;35.51263046;-0.536394525;valid
2018-82;CASYS_mars-2018_P42_S_1/5;2018;P42;S_1/5;TS2;TS;Winter_Wheat;Winter_Wheat;Winter_Barley;Winter_Wheat;Ley;Yes;Yes;D;Yes;Yes;6649;2;33.22610474;28.68588829;33.20974731;-0.539553766;low_depth
2018-83;CASYS_mars-2018_P42_S_2/5;2018;P42;S_2/5;TS2;TS;Winter_Wheat;Winter_Wheat;Winter_Barley;Winter_Wheat;Ley;Yes;Yes;D;Yes;Yes;22368;2;32.00551224;35.64281464;45.20317841;0.178227447;valid
2018-84;CASYS_mars-2018_P42_S_3/5;2018;P42;S_3/5;TS2;TS;Winter_Wheat;Winter_Wheat;Winter_Barley;Winter_Wheat;Ley;Yes;Yes;D;Yes;Yes;11648;2;30.83190346;26.77986145;30.66023064;-0.922373879;contaminated
2018-85;CASYS_mars-2018_P42_S_5/5;2018;P42;S_5/5;TS2;TS;Winter_Wheat;Winter_Wheat;Winter_Barley;Winter_Wheat;Ley;Yes;Yes;D;Yes;Yes;7191;2;29.0366993;33.02456284;39.93836594;-0.388047633;low_depth
2018-128;CASYS_mars-2018_P43_S_1/3;2018;P43;S_1/3;TS1;TS;Winter_Wheat;Winter_Wheat;Winter_Oilseedrape;Winter_Barley;Winter_Wheat;Yes;Yes;D;Yes;Yes;6070;3;23.13999367;25.56168556;37.6783905;-1.32808821;low_depth
2018-129;CASYS_mars-2018_P43_S_2/3;2018;P43;S_2/3;TS1;TS;Winter_Wheat;Winter_Wheat;Winter_Oilseedrape;Winter_Barley;Winter_Wheat;Yes;Yes;D;Yes;Yes;10719;2;21.40096092;22.27490425;32.89751816;-1.815525219;low_depth
2018-130;CASYS_mars-2018_P43_S_3/3;2018;P43;S_3/3;TS1;TS;Winter_Wheat;Winter_Wheat;Winter_Oilseedrape;Winter_Barley;Winter_Wheat;Yes;Yes;D;Yes;Yes;21058;2;23.23399734;22.71593475;33.87021255;-1.612649715;valid
2018-86;CASYS_mars-2018_P44_S_1/5;2018;P44;S_1/5;TS1;TS;Winter_Mustard;Winter_Mustard;Winter_Wheat;Soybean;Spring_Barley;Yes;Yes;D;Yes;Yes;29828;2;25.67567825;28.92201614;39.58776093;-0.881047201;valid
2018-87;CASYS_mars-2018_P44_S_2/5;2018;P44;S_2/5;TS1;TS;Winter_Mustard;Winter_Mustard;Winter_Wheat;Soybean;Spring_Barley;Yes;Yes;D;Yes;Yes;24071;3;27.64624214;25.02887154;30.60484886;-1.266313718;valid
2018-89;CASYS_mars-2018_P44_S_4/5;2018;P44;S_4/5;TS1;TS;Winter_Mustard;Winter_Mustard;Winter_Wheat;Soybean;Spring_Barley;Yes;Yes;D;Yes;Yes;32121;2;30.46739006;34.3815918;48.4527092;0.111824299;valid
2018-131;CASYS_mars-2018_P45_S_4/7;2018;P45;S_4/7;TS1;TS;Bare_Soil;Sunflower;Winter_Wheat;Winter_Pea;Winter_Wheat;Yes;Yes;D;Yes;Yes;27726;5;27.36408234;26.13741684;37.64665604;-0.968288752;valid
2018-132;CASYS_mars-2018_P45_S_5/7;2018;P45;S_5/7;TS1;TS;Bare_Soil;Sunflower;Winter_Wheat;Winter_Pea;Winter_Wheat;Yes;Yes;D;Yes;Yes;24104;5;33.61565399;35.60905457;44.81385422;0.287976227;valid
2018-133;CASYS_mars-2018_P45_S_6/7;2018;P45;S_6/7;TS1;TS;Bare_Soil;Sunflower;Winter_Wheat;Winter_Pea;Winter_Wheat;Yes;Yes;D;Yes;Yes;22569;5;37.26160812;36.94085312;48.1199913;0.766466384;valid
2018-134;CASYS_mars-2018_P45_S_7/7;2018;P45;S_7/7;TS1;TS;Bare_Soil;Sunflower;Winter_Wheat;Winter_Pea;Winter_Wheat;Yes;Yes;D;Yes;Yes;33407;5;29.02163696;29.21426392;41.64220047;-0.527491114;valid
2018-135;CASYS_mars-2018_P46_S_3/6;2018;P46;S_3/6;TS1;TS;Winter_Wheat;Winter_Wheat;Sunflower;Spring_Barley;Winter_Wheat;Yes;Yes;D;Yes;Yes;21063;7;38.80579376;51.74420929;71.93916321;2.554696546;valid
2018-90;CASYS_mars-2018_P46_S_4/6;2018;P46;S_4/6;TS1;TS;Winter_Wheat;Winter_Wheat;Sunflower;Spring_Barley;Winter_Wheat;Yes;Yes;D;Yes;Yes;30340;2;26.83330345;31.54086876;41.27663803;-0.589241386;valid
2018-136;CASYS_mars-2018_P46_S_5/6;2018;P46;S_5/6;TS1;TS;Winter_Wheat;Winter_Wheat;Sunflower;Spring_Barley;Winter_Wheat;Yes;Yes;D;Yes;Yes;6982;1;34.21741867;43.20559311;58.80787277;1.256467489;low_depth
2018-137;CASYS_mars-2018_P46_S_6/6;2018;P46;S_6/6;TS1;TS;Winter_Wheat;Winter_Wheat;Sunflower;Spring_Barley;Winter_Wheat;Yes;Yes;D;Yes;Yes;28483;1;37.01888275;40.26747131;61.18759155;1.408638537;valid
2018-138;CASYS_mars-2018_P47_S_3/8;2018;P47;S_3/8;TS1;TS;Bare_Soil;Spring_Pea;Spring_Barley;Winter_Wheat;Winter_Oilseedrape;Yes;Yes;D;Yes;Yes;23070;1;46.85555267;63.74143982;97.80730438;4.779637419;valid
2018-139;CASYS_mars-2018_P47_S_4/8;2018;P47;S_4/8;TS1;TS;Bare_Soil;Spring_Pea;Spring_Barley;Winter_Wheat;Winter_Oilseedrape;Yes;Yes;D;Yes;Yes;22379;8;49.65340805;60.9609375;90.05670166;4.563710847;valid
2018-91;CASYS_mars-2018_P47_S_5/8;2018;P47;S_5/8;TS1;TS;Bare_Soil;Spring_Pea;Spring_Barley;Winter_Wheat;Winter_Oilseedrape;Yes;Yes;D;Yes;Yes;13156;8;52.19982147;64.25060272;90.0681839;4.937382771;valid
2018-140;CASYS_mars-2018_P47_S_6/8;2018;P47;S_6/8;TS1;TS;Bare_Soil;Spring_Pea;Spring_Barley;Winter_Wheat;Winter_Oilseedrape;Yes;Yes;D;Yes;Yes;19183;2;41.69543076;47.19294739;70.50691223;2.486903038;valid
2018-92;CASYS_mars-2018_P48_S_2/7;2018;P48;S_2/7;TS1;TS;Winter_Wheat;Winter_Wheat;Spring_Barley;Winter_Wheat;Winter_Oilseedrape;Yes;Yes;D;Yes;Yes;48299;2;25.18001175;30.54006004;45.81677246;-0.602960992;valid
2018-93;CASYS_mars-2018_P48_S_3/7;2018;P48;S_3/7;TS1;TS;Winter_Wheat;Winter_Wheat;Soybean;Spring_Barley;Winter_Wheat;Yes;Yes;D;Yes;Yes;22953;2;29.3012104;33.31129456;49.43893814;5.84E-04;valid
2018-94;CASYS_mars-2018_P48_S_4/7;2018;P48;S_4/7;TS1;TS;Winter_Wheat;Winter_Wheat;Spring_Barley;Winter_Wheat;Winter_Oilseedrape;Yes;Yes;D;Yes;Yes;27369;1;34.43919754;34.61590576;57.70333862;0.778491478;valid
2018-95;CASYS_mars-2018_P48_S_5/7;2018;P48;S_5/7;TS1;TS;Winter_Wheat;Winter_Wheat;Soybean;Spring_Barley;Winter_Wheat;Yes;Yes;D;Yes;Yes;21967;2;37.05593872;44.79912949;63.3788681;1.732586872;valid
2018-62;CASYS_mars-2018_P49_S_2/7;2018;P49;S_2/7;TS1;TS;Winter_Wheat;Winter_Wheat;Soybean;Spring_Barley;Winter_Wheat;Yes;Yes;D;Yes;Yes;30057;3;32.14863205;32.48403168;37.55920792;-0.261475315;valid
2018-63;CASYS_mars-2018_P49_S_3/7;2018;P49;S_3/7;TS1;TS;Winter_Wheat;Winter_Wheat;Soybean;Spring_Barley;Winter_Wheat;Yes;Yes;D;Yes;Yes;26118;3;26.16790009;22.55061722;32.6587677;-1.43680379;valid
2018-64;CASYS_mars-2018_P49_S_4/7;2018;P49;S_4/7;TS1;TS;Winter_Wheat;Winter_Wheat;Soybean;Spring_Barley;Winter_Wheat;Yes;Yes;D;Yes;Yes;27335;7;34.47408676;42.28174591;54.97940826;1.085532265;valid
2018-65;CASYS_mars-2018_P49_S_5/7;2018;P49;S_5/7;TS1;TS;Winter_Wheat;Winter_Wheat;Soybean;Spring_Barley;Winter_Wheat;Yes;Yes;D;Yes;Yes;33195;7;30.27721596;39.06479263;53.62464142;0.536683146;valid
2018-66;CASYS_mars-2018_P6_S_3/9;2018;P6;S_3/9;SD2;MIX;Winter_linseed;Winter_linseed;Spring_Barley;Winter_Wheat;Sunflower;Yes;Yes;C;Yes;Yes;33570;3;16.6029129;15.06496811;21.43542671;-2.997906076;valid
2018-164;CASYS_mars-2018_P6_S_4/9;2018;P6;S_4/9;SD2;MIX;Winter_linseed;Winter_linseed;Spring_Barley;Winter_Wheat;Sunflower;Yes;Yes;C;Yes;Yes;21333;3;21.58412743;24.68429565;37.31677628;-1.509664964;valid
2018-165;CASYS_mars-2018_P6_S_7/9;2018;P6;S_7/9;SD2;MIX;Winter_linseed;Winter_linseed;Spring_Barley;Winter_Wheat;Sunflower;Yes;Yes;C;Yes;Yes;24494;3;23.89837456;27.82879639;41.87791824;-0.992902768;valid
2018-67;CASYS_mars-2018_P6_S_8/9;2018;P6;S_8/9;SD2;MIX;Winter_linseed;Winter_linseed;Spring_Barley;Winter_Wheat;Sunflower;Yes;Yes;C;Yes;Yes;23965;3;21.63908768;22.3278389;38.09730911;-1.601017554;valid
2018-68;CASYS_mars-2018_P7_S_2/8;2018;P7;S_2/8;TS2;MIX;Bare_Soil;Spring_Barley;Winter_Barley;Winter_Wheat;Spring_Mustard;Yes;Yes;D;Yes;Yes;6021;7;40.07798386;41.35098267;63.85335922;1.804298678;low_depth
2018-69;CASYS_mars-2018_P7_S_3/8;2018;P7;S_3/8;TS2;MIX;Bare_Soil;Spring_Barley;Winter_Mustard;Winter_Barley;Winter_Wheat;Yes;Yes;D;Yes;Yes;25037;7;24.91708755;22.21752739;31.66682434;-1.589127046;valid
2018-70;CASYS_mars-2018_P7_S_5/8;2018;P7;S_5/8;TS2;MIX;Bare_Soil;Spring_Barley;Winter_Mustard;Winter_Barley;Winter_Wheat;Yes;Yes;D;Yes;Yes;10548;3;29.55788803;22.60577202;24.24849892;-1.480910688;low_depth
2018-71;CASYS_mars-2018_P7_S_7/8;2018;P7;S_7/8;TS2;MIX;Bare_Soil;Spring_Barley;Winter_Barley;Winter_Wheat;Spring_Mustard;Yes;Yes;D;Yes;Yes;21629;3;26.28931046;17.41507721;22.74586678;-2.067006208;valid
2018-101;CASYS_mars-2018_P8_S_3/9;2018;P8;S_3/9;SD2;MIX;Winter_Mustard;Winter_Mustard;Spring_Barley;Winter_Wheat;Ley;Yes;Yes;C;Yes;Yes;18474;2;29.57749367;34.92495346;51.18059158;0.172220341;valid
2018-102;CASYS_mars-2018_P8_S_5/9;2018;P8;S_5/9;SD2;MIX;Winter_Mustard;Winter_Mustard;Winter_Wheat;Sunflower;Winter_Wheat;Yes;Yes;C;Yes;Yes;24642;3;23.32077217;22.7025032;33.74020386;-1.61139755;valid
2018-72;CASYS_mars-2018_P8_S_6/9;2018;P8;S_6/9;SD2;MIX;Winter_Mustard;Winter_Mustard;Spring_Barley;Winter_Wheat;Ley;Yes;Yes;C;Yes;Yes;23327;3;30.85752678;20.35078812;25.00915337;-1.470240693;valid
2018-166;CASYS_mars-2018_P9_S_2/9;2018;P9;S_2/9;TS1;MIX;Bare_Soil;Spring_Oat;Sunflower;Winter_Wheat;Winter_Oilseedrape;Yes;Yes;D;Yes;Yes;10813;2;22.97315788;25.43282318;35.81305313;-1.417220827;low_depth
2018-167;CASYS_mars-2018_P9_S_4/9;2018;P9;S_4/9;TS1;MIX;Bare_Soil;Spring_Oat;Sunflower;Winter_Wheat;Winter_Oilseedrape;Yes;Yes;D;Yes;Yes;27179;2;22.99339104;24.08553696;33.73696136;-1.563984878;valid
2018-107;CASYS_mars-2018_P9_S_9/9;2018;P9;S_9/9;TS1;MIX;Bare_Soil;Spring_Oat;Sunflower;Winter_Wheat;Winter_Oilseedrape;Yes;Yes;D;Yes;Yes;13856;3;20.83481216;17.5534668;25.19503593;-2.395549829;valid
2019-64;CASYS_mars-2019_P1_S_2/6;2019;P1;S_2/6;TS1;MIX;Winter_Wheat;Winter_Wheat;Winter_Oilseedrape;Winter_Barley;Winter_Wheat;Yes;Yes;D;Yes;No;18112;2;25.49051285;18.85499382;20.51083946;-2.136341423;valid
2019-63;CASYS_mars-2019_P1_S_3/6;2019;P1;S_3/6;TS1;MIX;Winter_Wheat;Winter_Wheat;Winter_Oilseedrape;Winter_Barley;Winter_Wheat;Yes;Yes;D;Yes;No;19058;2;29.50077248;28.98615646;37.0592804;-0.672234239;valid
2019-68;CASYS_mars-2019_P1_S_4/6;2019;P1;S_4/6;TS1;MIX;Winter_Wheat;Winter_Wheat;Winter_Oilseedrape;Winter_Barley;Winter_Wheat;Yes;Yes;D;Yes;No;22143;2;34.12475967;33.00229645;37.98065567;-0.063786701;valid
2019-69;CASYS_mars-2019_P1_S_6/6;2019;P1;S_6/6;TS1;MIX;Winter_Wheat;Winter_Wheat;Winter_Oilseedrape;Winter_Barley;Winter_Wheat;Yes;Yes;D;Yes;No;14240;2;34.11076355;32.64878082;42.22719574;0.074099846;valid
2019-49;CASYS_mars-2019_P10_S_3/8;2019;P10;S_3/8;SD1;MIX;Winter_Oilseedrape;Winter_Oilseedrape;Winter_Barley;Winter_Mustard;Winter_Barley;Yes;Yes;C;Yes;No;20386;3;21.98937988;16.98521996;18.80698967;-2.572458653;valid
2019-79;CASYS_mars-2019_P10_S_5/8;2019;P10;S_5/8;SD1;MIX;Winter_Oilseedrape;Winter_Oilseedrape;Winter_Barley;Winter_Mustard;Winter_Barley;Yes;Yes;C;Yes;No;17250;3;25.8669548;19.9294281;22.83309364;-1.963829389;valid
2019-80;CASYS_mars-2019_P10_S_6/8;2019;P10;S_6/8;SD1;MIX;Winter_Oilseedrape;Winter_Oilseedrape;Winter_Barley;Winter_Wheat;Winter_Mustard;Yes;Yes;C;Yes;No;17996;7;30.15846825;32.18008423;50.19648361;0.035960455;valid
2019-50;CASYS_mars-2019_P11_S_1/7;2019;P11;S_1/7;SD1;MIX;Bare_Soil;Soybean;Winter_Fababean;Winter_Barley;Winter_Wheat;Yes;Yes;C;Yes;No;22919;7;34.22989655;47.49969864;62.1258316;1.607763408;valid
2019-81;CASYS_mars-2019_P11_S_4/7;2019;P11;S_4/7;SD1;MIX;Bare_Soil;Soybean;Winter_Fababean;Spring_Oat;Winter_Barley;Yes;Yes;C;Yes;No;19231;7;26.14457703;32.32195663;46.56547546;-0.405439047;valid
2019-51;CASYS_mars-2019_P11_S_5/7;2019;P11;S_5/7;SD1;MIX;Bare_Soil;Soybean;Winter_Fababean;Winter_Barley;Winter_Wheat;Yes;Yes;C;Yes;No;15683;7;34.03795624;41.66627502;55.0654335;1.02204726;valid
2019-82;CASYS_mars-2019_P11_S_6/7;2019;P11;S_6/7;SD1;MIX;Bare_Soil;Soybean;Winter_Fababean;Spring_Oat;Winter_Barley;Yes;Yes;C;Yes;No;25567;1;35.21259308;40.50845718;53.7323494;1.003223076;valid
2019-83;CASYS_mars-2019_P12_S_2/7;2019;P12;S_2/7;TS2;MIX;Winter_Wheat_/_Winter_Pea;Winter_Wheat_/_Winter_Pea;Spring_Fababean;Spring_Oat;Winter_Barley;Yes;Yes;D;No;No;17600;7;41.54918289;50.16750336;66.36410522;2.478958849;valid
2019-84;CASYS_mars-2019_P12_S_3/7;2019;P12;S_3/7;TS2;MIX;Winter_Wheat_/_Winter_Pea;Winter_Wheat_/_Winter_Pea;Spring_Fababean;Winter_Barley;Winter_Wheat;Yes;Yes;D;No;No;15400;2;33.70868683;40.09207153;51.17554092;0.768584668;valid
2019-85;CASYS_mars-2019_P12_S_4/7;2019;P12;S_4/7;TS2;MIX;Winter_Wheat_/_Winter_Pea;Winter_Wheat_/_Winter_Pea;Spring_Fababean;Winter_Barley;Winter_Wheat;Yes;Yes;D;No;No;27851;1;29.27592468;31.99465752;45.12912369;-0.231061886;valid
2019-52;CASYS_mars-2019_P12_S_5/7;2019;P12;S_5/7;TS2;MIX;Winter_Wheat_/_Winter_Pea;Winter_Wheat_/_Winter_Pea;Spring_Fababean;Spring_Oat;Winter_Barley;Yes;Yes;D;No;No;12272;7;39.92574692;49.50222397;65.30367279;2.277365606;valid
2019-53;CASYS_mars-2019_P13_S_1/7;2019;P13;S_1/7;SD1;MIX;Spring_Barley_/_Spring_Pea;Spring_Barley_/_Spring_Pea;Winter_Wheat;Winter_Wheat;Winter_Fababean;Yes;Yes;C;Yes;No;20093;7;37.4404068;46.21429825;56.2261467;1.57193066;valid
2019-86;CASYS_mars-2019_P13_S_2/7;2019;P13;S_2/7;SD1;MIX;Spring_Barley_/_Spring_Pea;Spring_Barley_/_Spring_Pea;Winter_Wheat;Winter_Oilseedrape;Winter_Wheat;Yes;Yes;C;Yes;No;16965;2;30.63530731;28.8850708;44.46033096;-0.313995046;valid
2019-54;CASYS_mars-2019_P13_S_5/7;2019;P13;S_5/7;SD1;MIX;Spring_Barley_/_Spring_Pea;Spring_Barley_/_Spring_Pea;Winter_Wheat;Winter_Wheat;Winter_Fababean;Yes;Yes;C;Yes;No;14166;7;28.75388336;38.05133438;44.96168137;0.042215628;valid
2019-55;CASYS_mars-2019_P13_S_6/7;2019;P13;S_6/7;SD1;MIX;Spring_Barley_/_Spring_Pea;Spring_Barley_/_Spring_Pea;Winter_Wheat;Winter_Oilseedrape;Winter_Wheat;Yes;Yes;C;Yes;No;17608;2;29.11074638;26.44653702;31.82166481;-1.031555415;valid
2019-56;CASYS_mars-2019_P14_S_2/6;2019;P14;S_2/6;TS2;MIX;Spring_Lupin;Spring_Lupin;Winter_Wheat;Winter_Wheat;Winter_Fababean;Yes;Yes;D;No;No;14073;3;24.78042984;30.33161545;34.98192596;-1.047564162;valid
2019-87;CASYS_mars-2019_P14_S_3/6;2019;P14;S_3/6;TS2;MIX;Spring_Lupin;Spring_Lupin;Winter_Wheat;Winter_Oilseedrape;Winter_Wheat;Yes;Yes;D;No;No;19181;2;31.1243;31.92507935;38.51337814;-0.335761293;valid
2019-88;CASYS_mars-2019_P14_S_4/6;2019;P14;S_4/6;TS2;MIX;Spring_Lupin;Spring_Lupin;Winter_Wheat;Winter_Wheat;Winter_Fababean;Yes;Yes;D;No;No;16676;7;30.09565353;40.40242767;51.95240402;0.531132738;valid
2019-89;CASYS_mars-2019_P14_S_5/6;2019;P14;S_5/6;TS2;MIX;Spring_Lupin;Spring_Lupin;Winter_Wheat;Winter_Oilseedrape;Winter_Wheat;Yes;Yes;D;No;No;85010;2;28.27093506;27.63433266;41.08750916;-0.690392613;valid
2019-57;CASYS_mars-2019_P16_S_2/6;2019;P16;S_2/6;SD1;SD;Winter_linseed;Winter_linseed;Spring_Barley;Winter_Wheat;Winter_Mustard;Yes;Yes;C;Yes;No;19900;3;30.5552597;24.76527977;30.1264801;-1.07039277;valid
2019-58;CASYS_mars-2019_P16_S_3/6;2019;P16;S_3/6;SD1;SD;Winter_linseed;Winter_linseed;Spring_Barley;Winter_Wheat;Winter_Mustard;Yes;Yes;C;Yes;No;20301;1;35.6476059;33.14266968;45.76163101;0.351715205;valid
2019-90;CASYS_mars-2019_P16_S_4/6;2019;P16;S_4/6;SD1;SD;Winter_linseed;Winter_linseed;Spring_Barley;Winter_Wheat;Winter_Pea;Yes;Yes;C;Yes;No;31386;3;28.75119591;24.35053825;33.32082367;-1.114883282;valid
2019-59;CASYS_mars-2019_P16_S_6/6;2019;P16;S_6/6;SD1;SD;Winter_linseed;Winter_linseed;Spring_Barley;Winter_Wheat;Winter_Mustard;Yes;Yes;C;Yes;No;16556;1;35.21411896;38.08056641;52.52583313;0.83012944;valid
2019-91;CASYS_mars-2019_P17_S_2/6;2019;P17;S_2/6;SD1;SD;Winter_Oilseedrape;Winter_Oilseedrape;Winter_Barley;Winter_Mustard;Winter_Wheat;Yes;Yes;C;Yes;No;23288;3;23.0542717;18.73923874;22.618433;-2.254837339;valid
2019-92;CASYS_mars-2019_P17_S_3/6;2019;P17;S_3/6;SD1;SD;Winter_Oilseedrape;Winter_Oilseedrape;Winter_Barley;Winter_Mustard;Winter_Wheat;Yes;Yes;C;Yes;No;22766;3;25.27669525;21.55520439;28.97761726;-1.695873075;valid
2019-93;CASYS_mars-2019_P17_S_6/6;2019;P17;S_6/6;SD1;SD;Winter_Oilseedrape;Winter_Oilseedrape;Winter_Barley;Winter_Mustard;Winter_Wheat;Yes;Yes;C;Yes;No;25441;3;23.19729614;18.74650955;25.89216232;-2.121703601;valid
2019-131;CASYS_mars-2019_P18_S_2/7;2019;P18;S_2/7;SD1;SD;Winter_Wheat;Winter_Wheat;Winter_Wheat;Winter_Mustard;Winter_Wheat;Yes;Yes;C;Yes;No;7020;5;25.9823246;28.20646858;34.06893539;-1.099819834;low_depth
2019-132;CASYS_mars-2019_P18_S_4/7;2019;P18;S_4/7;SD1;SD;Winter_Wheat;Winter_Wheat;Winter_Wheat;Winter_Mustard;Winter_Wheat;Yes;Yes;C;Yes;No;15022;5;25.65625954;25.91451454;39.98480988;-1.026893454;valid
2019-133;CASYS_mars-2019_P18_S_6/7;2019;P18;S_6/7;SD1;SD;Winter_Wheat;Winter_Wheat;Winter_Wheat;Winter_Wheat;Winter_Pea;Yes;Yes;C;Yes;No;30241;3;28.53821182;21.00909996;26.2351017;-1.571382821;valid
2019-61;CASYS_mars-2019_P18_S_7/7;2019;P18;S_7/7;SD1;SD;Winter_Wheat;Winter_Wheat;Winter_Wheat;Winter_Mustard;Winter_Wheat;Yes;Yes;C;Yes;No;24927;5;30.16370201;32.69610214;45.68448257;-0.103873732;valid
2019-134;CASYS_mars-2019_P19_S_2/7;2019;P19;S_2/7;SD1;SD;Spring_Barley_/_Spring_Pea;Spring_Barley_/_Spring_Pea;Soybean;Winter_Wheat;Winter_Oilseedrape;Yes;Yes;C;Yes;No;5768;7;34.12757111;32.43252945;43.28556442;0.103275851;low_depth
2019-135;CASYS_mars-2019_P19_S_3/7;2019;P19;S_3/7;SD1;SD;Spring_Barley_/_Spring_Pea;Spring_Barley_/_Spring_Pea;Soybean;Winter_Wheat;Winter_Oilseedrape;Yes;Yes;C;Yes;No;26368;7;28.77690125;28.16507912;34.95448303;-0.850457196;valid
2019-62;CASYS_mars-2019_P19_S_4/7;2019;P19;S_4/7;SD1;SD;Spring_Barley_/_Spring_Pea;Spring_Barley_/_Spring_Pea;Soybean;Winter_Wheat;Winter_Oilseedrape;Yes;Yes;C;Yes;No;26915;7;31.47402954;35.85947418;45.81163788;0.17069217;valid
2019-136;CASYS_mars-2019_P19_S_7/7;2019;P19;S_7/7;SD1;SD;Spring_Barley_/_Spring_Pea;Spring_Barley_/_Spring_Pea;Soybean;Winter_Wheat;Winter_Oilseedrape;Yes;Yes;C;Yes;No;24082;7;35.43756485;38.52494812;49.46493912;0.757462497;valid
2019-137;CASYS_mars-2019_P20_S_3/6;2019;P20;S_3/6;SD1;SD;Winter_Barley;Winter_Barley;Soybean;Winter_Wheat;Winter_Oilseedrape;Yes;Yes;C;Yes;No;67566;7;31.66583443;35.00674438;48.96922684;0.257844164;valid
2019-138;CASYS_mars-2019_P20_S_4/6;2019;P20;S_4/6;SD1;SD;Winter_Barley;Winter_Barley;Soybean;Winter_Wheat;Winter_Oilseedrape;Yes;Yes;C;Yes;No;20222;7;31.15576935;35.96332169;51.08974457;0.347264424;valid
2019-139;CASYS_mars-2019_P20_S_5/6;2019;P20;S_5/6;SD1;SD;Winter_Barley;Winter_Barley;Soybean;Winter_Wheat;Winter_Oilseedrape;Yes;Yes;C;Yes;No;1854;7;27.50270462;30.06919861;41.08026886;-0.621991554;low_depth
2019-140;CASYS_mars-2019_P20_S_6/6;2019;P20;S_6/6;SD1;SD;Winter_Barley;Winter_Barley;Soybean;Winter_Wheat;Winter_Oilseedrape;Yes;Yes;C;Yes;No;13587;7;36.40821457;39.06391525;54.72986221;1.057413851;valid
2019-141;CASYS_mars-2019_P21_S_2/6;2019;P21;S_2/6;SD1;SD;Bare_Soil;Soybean;Spring_Barley;Winter_Wheat;Spring_Barley;Yes;Yes;C;Yes;No;26305;6;30.28026009;26.3157444;38.38027191;-0.703431435;valid
2019-142;CASYS_mars-2019_P21_S_3/6;2019;P21;S_3/6;SD1;SD;Bare_Soil;Soybean;Spring_Barley;Winter_Wheat;Spring_Barley;Yes;Yes;C;Yes;No;5583;2;30.25409317;31.07646561;49.32415771;-0.047319137;low_depth
2019-65;CASYS_mars-2019_P21_S_4/6;2019;P21;S_4/6;SD1;SD;Bare_Soil;Soybean;Spring_Barley;Winter_Wheat;Spring_Barley;Yes;Yes;C;Yes;No;20017;2;28.43782425;28.11338615;39.79287338;-0.70006774;valid
2019-66;CASYS_mars-2019_P21_S_5/6;2019;P21;S_5/6;SD1;SD;Bare_Soil;Soybean;Spring_Barley;Winter_Wheat;Spring_Barley;Yes;Yes;C;Yes;No;20643;2;35.21374893;38.24030304;57.55575943;1.025316761;valid
2019-67;CASYS_mars-2019_P22_S_3/6;2019;P22;S_3/6;SD2;SD;Winter_Oilseedrape;Winter_Oilseedrape;Winter_Wheat;Winter_Fababean;Winter_Wheat;Yes;Yes;C;Yes;No;17358;2;37.70401001;43.60313416;61.91536331;1.665698015;valid
2019-94;CASYS_mars-2019_P22_S_4/6;2019;P22;S_4/6;SD2;SD;Winter_Oilseedrape;Winter_Oilseedrape;Winter_Wheat;Winter_Fababean;Winter_Wheat;Yes;Yes;C;Yes;No;30015;2;40.80486679;51.35557556;70.48448944;2.63655103;valid
2019-95;CASYS_mars-2019_P22_S_5/6;2019;P22;S_5/6;SD2;SD;Winter_Oilseedrape;Winter_Oilseedrape;Winter_Wheat;Winter_Oilseedrape;Winter_Barley;Yes;Yes;C;Yes;No;19064;7;25.01616859;33.87634277;50.01407242;-0.283470974;valid
2019-96;CASYS_mars-2019_P22_S_6/6;2019;P22;S_6/6;SD2;SD;Winter_Oilseedrape;Winter_Oilseedrape;Winter_Wheat;Winter_Fababean;Winter_Wheat;Yes;Yes;C;Yes;No;21922;2;34.75524521;42.03908157;49.75218582;0.900604111;valid
2019-97;CASYS_mars-2019_P23_S_1/5;2019;P23;S_1/5;SD2;SD;Bare_Soil;Soybean;Winter_Wheat;Winter_Fababean;Winter_Wheat;Yes;Yes;C;Yes;No;21584;7;37.48980331;44.70716095;58.2224617;1.570207619;valid
2019-143;CASYS_mars-2019_P23_S_3/5;2019;P23;S_3/5;SD2;SD;Bare_Soil;Soybean;Winter_Wheat;Winter_Fababean;Winter_Wheat;Yes;Yes;C;Yes;No;21045;7;40.64994049;51.54655838;72.27022552;2.700836297;valid
2019-144;CASYS_mars-2019_P23_S_4/5;2019;P23;S_4/5;SD2;SD;Bare_Soil;Soybean;Winter_Wheat;Winter_Wheat;Soybean;Yes;Yes;C;Yes;No;29328;7;42.7458725;52.02490997;70.09320068;2.809303689;valid
2019-145;CASYS_mars-2019_P23_S_5/5;2019;P23;S_5/5;SD2;SD;Bare_Soil;Soybean;Winter_Wheat;Winter_Fababean;Winter_Wheat;Yes;Yes;C;Yes;No;7739;2;35.26184082;36.27852249;52.82532501;0.74967223;low_depth
2019-146;CASYS_mars-2019_P24_S_1/6;2019;P24;S_1/6;SD2;SD;Spring_Barley_/_Spring_Pea;Spring_Barley_/_Spring_Pea;Winter_Wheat;Winter_Wheat;Soybean;Yes;Yes;C;Yes;No;23184;7;34.09690475;40.95318604;51.33763504;0.850525928;valid
2019-147;CASYS_mars-2019_P24_S_2/6;2019;P24;S_2/6;SD2;SD;Spring_Barley_/_Spring_Pea;Spring_Barley_/_Spring_Pea;Winter_Wheat;Winter_Wheat;Soybean;Yes;Yes;C;Yes;No;23291;7;41.78979111;55.02865601;73.50037384;3.019875971;valid
2019-98;CASYS_mars-2019_P24_S_4/6;2019;P24;S_4/6;SD2;SD;Spring_Barley_/_Spring_Pea;Spring_Barley_/_Spring_Pea;Winter_Wheat;Winter_Wheat;Soybean;Yes;Yes;C;Yes;No;15721;7;30.48516273;39.19688416;52.31773376;0.511413866;valid
2019-99;CASYS_mars-2019_P24_S_6/6;2019;P24;S_6/6;SD2;SD;Spring_Barley_/_Spring_Pea;Spring_Barley_/_Spring_Pea;Winter_Wheat;Winter_Wheat;Soybean;Yes;Yes;C;Yes;No;19311;7;38.03642654;50.24336243;69.27328491;2.31612628;valid
2019-148;CASYS_mars-2019_P25_S_3/7;2019;P25;S_3/7;SD2;SD;Winter_Wheat;Winter_Wheat;Winter_Wheat;Winter_Wheat;Soybean;Yes;Yes;C;Yes;No;18152;7;35.36741638;40.19919968;55.81165314;1.076187996;valid
2019-100;CASYS_mars-2019_P25_S_4/7;2019;P25;S_4/7;SD2;SD;Winter_Wheat;Winter_Wheat;Winter_Wheat;Winter_Wheat;Soybean;Yes;Yes;C;Yes;No;17352;5;22.3349247;15.90906525;13.47082806;-2.800477876;valid
2019-101;CASYS_mars-2019_P25_S_6/7;2019;P25;S_6/7;SD2;SD;Winter_Wheat;Winter_Wheat;Winter_Wheat;Winter_Wheat;Soybean;Yes;Yes;C;Yes;No;17986;5;24.68734741;24.81898117;29.39203453;-1.553976201;valid
2019-102;CASYS_mars-2019_P25_S_7/7;2019;P25;S_7/7;SD2;SD;Winter_Wheat;Winter_Wheat;Winter_Wheat;Winter_Wheat;Soybean;Yes;Yes;C;Yes;No;2437;7;61.37896347;74.83243561;93.73986053;6.351650586;low_depth
2019-149;CASYS_mars-2019_P26_S_2/5;2019;P26;S_2/5;SD2;SD;Winter_Barley;Winter_Barley;Winter_Wheat;Winter_Oilseedrape;Tritacale_/_Winter_Fababean;Yes;Yes;C;Yes;No;18702;2;29.59803391;28.9182415;39.90336609;-0.562611241;valid
2019-150;CASYS_mars-2019_P26_S_3/5;2019;P26;S_3/5;SD2;SD;Winter_Barley;Winter_Barley;Winter_Wheat;Winter_Wheat;Soybean;Yes;Yes;C;Yes;No;49517;7;34.7252655;47.46476746;65.77185059;1.780058915;valid
2019-151;CASYS_mars-2019_P26_S_4/5;2019;P26;S_4/5;SD2;SD;Winter_Barley;Winter_Barley;Winter_Wheat;Winter_Oilseedrape;Tritacale_/_Winter_Fababean;Yes;Yes;C;Yes;No;12040;2;28.3361702;25.36258316;33.35450745;-1.092579473;valid
2019-152;CASYS_mars-2019_P26_S_5/5;2019;P26;S_5/5;SD2;SD;Winter_Barley;Winter_Barley;Winter_Wheat;Winter_Oilseedrape;Tritacale_/_Winter_Fababean;Yes;Yes;C;Yes;No;6973;2;27.61285019;26.44705772;37.14890289;-0.950928152;low_depth
2019-103;CASYS_mars-2019_P27_S_1/7;2019;P27;S_1/7;SD2;SD;Winter_Wheat_/_Winter_fababean;Winter_Wheat_/_Winter_Fababean;Winter_Wheat;Winter_Oilseedrape;Winter_Barley;Yes;Yes;C;Yes;No;18496;7;34.93305969;43.72417831;62.12804794;1.463175886;valid
2019-104;CASYS_mars-2019_P27_S_2/7;2019;P27;S_2/7;SD2;SD;Winter_Wheat_/_Winter_fababean;Winter_Wheat_/_Winter_Fababean;Winter_Wheat;Winter_Barley;Winter_Wheat;Yes;Yes;C;Yes;No;16277;2;26.28034592;23.50452042;32.20371246;-1.39444903;valid
2019-105;CASYS_mars-2019_P27_S_4/7;2019;P27;S_4/7;SD2;SD;Winter_Wheat_/_Winter_fababean;Winter_Wheat_/_Winter_Fababean;Winter_Wheat;Winter_Barley;Winter_Wheat;Yes;Yes;C;Yes;No;23899;2;28.40479469;27.86361694;37.73934174;-0.792113055;valid
2019-106;CASYS_mars-2019_P27_S_6/7;2019;P27;S_6/7;SD2;SD;Winter_Wheat_/_Winter_fababean;Winter_Wheat_/_Winter_Fababean;Winter_Wheat;Winter_Oilseedrape;Winter_Barley;Yes;Yes;C;Yes;No;31705;1;27.16226768;35.25706482;46.44413757;-0.175071388;valid
2019-153;CASYS_mars-2019_P28_S_3/10;2019;P28;S_3/10;TS2;TS;Winter_Wheat_/_Winter_Pea;Winter_Wheat_/_Winter_Pea;Winter_Oilseedrape;Spring_Barley;Spring_Oat;Yes;Yes;D;No;No;19191;7;35.27245712;42.48793411;55.95804977;1.195246926;valid
2019-107;CASYS_mars-2019_P28_S_4/10;2019;P28;S_4/10;TS2;TS;Winter_Wheat_/_Winter_Pea;Winter_Wheat_/_Winter_Pea;Winter_Oilseedrape;Spring_Barley;Spring_Oat;Yes;Yes;D;No;No;18447;7;52.2969017;63.13597488;72.91835785;4.249230205;valid
2019-155;CASYS_mars-2019_P28_S_6/10;2019;P28;S_6/10;TS2;TS;Winter_Wheat_/_Winter_Pea;Winter_Wheat_/_Winter_Pea;Winter_Oilseedrape;Spring_Barley;Spring_Oat;Yes;Yes;D;No;No;11652;1;43.39596176;52.89743805;69.29784393;2.876788168;valid
2019-156;CASYS_mars-2019_P29_S_1/7;2019;P29;S_1/7;TS2;TS;Winter_Oilseedrape;Winter_Oilseedrape;Winter_Barley;Winter_Wheat;Winter_Mustard;Yes;Yes;D;No;No;14023;7;52.07125473;65.1702652;75.45048523;4.43319053;valid
2019-108;CASYS_mars-2019_P29_S_2/7;2019;P29;S_2/7;TS2;TS;Winter_Oilseedrape;Winter_Oilseedrape;Winter_Barley;Spring_Barley;Spring_Oat;Yes;Yes;D;No;No;17623;1;35.49913788;41.29926682;54.88022995;1.110093638;valid
2019-109;CASYS_mars-2019_P29_S_4/7;2019;P29;S_4/7;TS2;TS;Winter_Oilseedrape;Winter_Oilseedrape;Winter_Barley;Winter_Wheat;Winter_Mustard;Yes;Yes;D;No;No;25000;7;38.24475861;45.5808754;58.99778366;1.704281736;valid
2019-110;CASYS_mars-2019_P30_S_2/6;2019;P30;S_2/6;SD1;MIX;Winter_Wheat_/_Winter_fababean;Winter_Wheat_/_Winter_Fababean;Winter_Wheat;Soybean;Spring_Barley;Yes;Yes;C;Yes;No;6504;7;48.83739853;49.5485878;65.07707214;2.968723442;low_depth
2019-111;CASYS_mars-2019_P30_S_3/6;2019;P30;S_3/6;SD1;MIX;Winter_Wheat_/_Winter_fababean;Winter_Wheat_/_Winter_Fababean;Winter_Wheat;Winter_Wheat;Sunflower;Yes;Yes;C;Yes;No;20489;3;36.25416565;38.31503296;43.60243988;0.592575165;valid
2019-158;CASYS_mars-2019_P30_S_4/6;2019;P30;S_4/6;SD1;MIX;Winter_Wheat_/_Winter_fababean;Winter_Wheat_/_Winter_Fababean;Winter_Wheat;Soybean;Spring_Barley;Yes;Yes;C;Yes;No;28401;1;39.22565842;32.53931427;42.17079544;0.466446513;valid
2019-112;CASYS_mars-2019_P30_S_5/6;2019;P30;S_5/6;SD1;MIX;Winter_Wheat_/_Winter_fababean;Winter_Wheat_/_Winter_Fababean;Winter_Wheat;Soybean;Spring_Barley;Yes;Yes;C;Yes;No;16566;1;31.72906494;32.49445724;44.34664917;-0.041727772;valid
2019-159;CASYS_mars-2019_P31_S_1/7;2019;P31;S_1/7;TS1;MIX;Spring_Lupin;Spring_Lupin;Spring_Barley;Sunflower;Winter_Oat;Yes;Yes;D;Yes;No;23881;3;22.44462204;18.19041824;27.36690712;-2.155251941;valid
2019-160;CASYS_mars-2019_P31_S_2/7;2019;P31;S_2/7;TS1;MIX;Spring_Lupin;Spring_Lupin;Spring_Barley;Winter_Wheat;Sunflower;Yes;Yes;D;Yes;No;13660;3;23.43868637;19.28284264;23.27307129;-2.171698323;contaminated
2019-113;CASYS_mars-2019_P31_S_4/7;2019;P31;S_4/7;TS1;MIX;Spring_Lupin;Spring_Lupin;Spring_Barley;Sunflower;Winter_Oat;Yes;Yes;D;Yes;No;22861;3;21.52295303;18.06248283;21.26202393;-2.460819578;valid
2019-114;CASYS_mars-2019_P31_S_6/7;2019;P31;S_6/7;TS1;MIX;Spring_Lupin;Spring_Lupin;Spring_Barley;Sunflower;Winter_Oat;Yes;Yes;D;Yes;No;15292;3;21.28235245;17.62153053;23.09143257;-2.43504021;valid
2019-115;CASYS_mars-2019_P32_S_1/6;2019;P32;S_1/6;SD2;MIX;Winter_Oilseedrape;Winter_Oilseedrape;Winter_Barley;Winter_Wheat;Spring_Pea;Yes;Yes;C;Yes;No;22701;2;35.75452042;38.53396988;49.63495255;0.789053647;valid
2019-161;CASYS_mars-2019_P32_S_2/6;2019;P32;S_2/6;SD2;MIX;Winter_Oilseedrape;Winter_Oilseedrape;Winter_Barley;Winter_Wheat;Spring_Pea;Yes;Yes;C;Yes;No;15731;2;36.2758255;33.78181458;54.62225342;0.763683512;valid
2019-162;CASYS_mars-2019_P32_S_3/6;2019;P32;S_3/6;SD2;MIX;Winter_Oilseedrape;Winter_Oilseedrape;Winter_Barley;Winter_Barley;Winter_Wheat;Yes;Yes;C;Yes;No;40177;7;35.47964478;35.74013138;41.09947205;0.302842901;valid
2019-116;CASYS_mars-2019_P32_S_4/6;2019;P32;S_4/6;SD2;MIX;Winter_Oilseedrape;Winter_Oilseedrape;Winter_Barley;Winter_Wheat;Spring_Pea;Yes;Yes;C;Yes;No;15204;2;32.96232986;26.93515968;33.39754868;-0.645818091;valid
2019-117;CASYS_mars-2019_P33_S_2/6;2019;P33;S_2/6;TS1;MIX;Bare_Soil;Soybean;Winter_Wheat;Winter_Oilseedrape;Winter_Barley;Yes;Yes;D;Yes;No;29154;2;29.12561989;41.20984268;54.10970306;0.57803774;valid
2019-163;CASYS_mars-2019_P33_S_4/6;2019;P33;S_4/6;TS1;MIX;Bare_Soil;Soybean;Winter_Wheat;Winter_Oilseedrape;Winter_Barley;Yes;Yes;D;Yes;No;16304;2;23.13487053;25.41486549;40.43363571;-1.233948737;valid
2019-164;CASYS_mars-2019_P33_S_5/6;2019;P33;S_5/6;TS1;MIX;Bare_Soil;Soybean;Winter_Wheat;Winter_Oilseedrape;Winter_Barley;Yes;Yes;D;Yes;No;13890;2;22.66707802;23.50545311;31.40492058;-1.706791128;valid
2019-119;CASYS_mars-2019_P34_S_1/4;2019;P34;S_1/4;TS2;MIX;Winter_Wheat;Winter_Wheat;Sunflower;Spring_Barley;Spring_Barley;Yes;Yes;D;No;No;21029;6;25.59155083;25.80328369;36.74324417;-1.158203408;valid
2019-165;CASYS_mars-2019_P34_S_2/4;2019;P34;S_2/4;TS2;MIX;Winter_Wheat;Winter_Wheat;Sunflower;Spring_Barley;Spring_Barley;Yes;Yes;D;No;No;10271;5;38.80677795;47.11414719;68.22689056;2.172043555;low_depth
2019-120;CASYS_mars-2019_P34_S_4/4;2019;P34;S_4/4;TS2;MIX;Winter_Wheat;Winter_Wheat;Sunflower;Spring_Barley;Spring_Barley;Yes;Yes;D;No;No;17439;5;39.45975113;41.9164772;48.38216019;1.211367158;valid
2019-121;CASYS_mars-2019_P37_S_3/10;2019;P37;S_3/10;SD2;MIX;Bare_Soil;Soybean;Spring_Pea;Winter_Oat;Winter_Wheat;Yes;Yes;C;Yes;No;23346;2;38.98884201;32.24332047;37.0148468;0.240813663;valid
2019-122;CASYS_mars-2019_P37_S_4/10;2019;P37;S_4/10;SD2;MIX;Bare_Soil;Soybean;Spring_Pea;Winter_Oat;Winter_Wheat;Yes;Yes;C;Yes;No;26728;2;42.41016388;40.88479614;49.75284576;1.438559973;valid
2019-167;CASYS_mars-2019_P37_S_6/10;2019;P37;S_6/10;SD2;MIX;Bare_Soil;Soybean;Spring_Pea;Winter_Oat;Winter_Wheat;Yes;Yes;C;Yes;No;23956;2;41.58791351;32.95064163;41.02745438;0.630590207;valid
2019-7;CASYS_mars-2019_P38_S_4/11;2019;P38;S_4/11;TS2;TS;Winter_Wheat;Winter_Wheat;Soybean;Winter_Wheat;Soybean;Yes;Yes;D;No;No;27537;2;33.25239944;25.41822052;25.40917015;-0.999971899;valid
2019-9;CASYS_mars-2019_P38_S_7/11;2019;P38;S_7/11;TS2;TS;Winter_Wheat;Winter_Wheat;Soybean;Winter_Wheat;Soybean;Yes;Yes;D;No;No;18662;2;29.21422577;22.02156258;27.08502007;-1.433377324;valid
2019-10;CASYS_mars-2019_P38_S_8/11;2019;P38;S_8/11;TS2;TS;Winter_Wheat;Winter_Wheat;Soybean;Soybean;Winter_Barley;Yes;Yes;D;No;No;23728;2;31.20078659;27.42755508;34.96733475;-0.699324004;valid
2019-11;CASYS_mars-2019_P39_S_5/9;2019;P39;S_5/9;TS2;TS;Winter_Wheat_/_Winter_fababean;Winter_Wheat_/_Winter_Fababean;Winter_Wheat;Soybean;Winter_Wheat;Yes;Yes;D;No;No;17510;2;29.25809097;30.84654617;38.96244431;-0.52215883;valid
2019-12;CASYS_mars-2019_P39_S_6/9;2019;P39;S_6/9;TS2;TS;Winter_Wheat_/_Winter_fababean;Winter_Wheat_/_Winter_Fababean;Winter_Wheat;Soybean;Winter_Wheat;Yes;Yes;D;No;No;10008;2;28.60657692;33.57165909;43.23918915;-0.270203602;low_depth
2019-13;CASYS_mars-2019_P39_S_7/9;2019;P39;S_7/9;TS2;TS;Winter_Wheat_/_Winter_fababean;Winter_Wheat_/_Winter_Fababean;Winter_Wheat;Soybean;Winter_Barley;Yes;Yes;D;No;No;21611;2;28.20000648;24.44899368;29.06915474;-1.310675336;valid
2019-14;CASYS_mars-2019_P39_S_8/9;2019;P39;S_8/9;TS2;TS;Winter_Wheat_/_Winter_fababean;Winter_Wheat_/_Winter_Fababean;Winter_Wheat;Soybean;Winter_Wheat;Yes;Yes;D;No;No;23082;2;32.19332123;34.17389297;41.20654678;-0.033169655;valid
2019-15;CASYS_mars-2019_P40_S_4/8;2019;P40;S_4/8;TS2;TS;Bare_Soil;Soybean;Winter_Wheat;Winter_Oilseedrape;Winter_Barley;Yes;Yes;D;No;No;19510;3;21.54273033;17.92028809;24.59273338;-2.343119327;valid
2019-16;CASYS_mars-2019_P40_S_5/8;2019;P40;S_5/8;TS2;TS;Bare_Soil;Soybean;Winter_Wheat;Winter_Oilseedrape;Winter_Barley;Yes;Yes;D;No;No;23456;3;26.82535553;20.36508369;25.89103508;-1.752248818;valid
2019-17;CASYS_mars-2019_P40_S_6/8;2019;P40;S_6/8;TS2;TS;Bare_Soil;Soybean;Winter_Wheat;Winter_Oilseedrape;Winter_Wheat;Yes;Yes;D;No;No;25095;2;27.23273468;19.55216789;26.22763634;-1.750869661;valid
2019-18;CASYS_mars-2019_P40_S_7/8;2019;P40;S_7/8;TS2;TS;Bare_Soil;Soybean;Winter_Wheat;Winter_Oilseedrape;Winter_Barley;Yes;Yes;D;No;No;24617;2;27.13938141;19.75190163;22.61333656;-1.881813871;valid
2019-19;CASYS_mars-2019_P41_S_2/5;2019;P41;S_2/5;TS2;TS;Winter_Mustard;Winter_Mustard;Winter_Wheat;Winter_Wheat;Winter_Oilseedrape;Yes;Yes;D;No;No;23433;2;28.91122246;31.21051788;34.53362274;-0.694497656;valid
2019-20;CASYS_mars-2019_P41_S_3/5;2019;P41;S_3/5;TS2;TS;Winter_Mustard;Winter_Mustard;Winter_Wheat;Winter_Wheat;Winter_Oilseedrape;Yes;Yes;D;No;No;14658;2;31.03715897;32.72729874;38.90886688;-0.285464733;valid
2019-21;CASYS_mars-2019_P41_S_4/5;2019;P41;S_4/5;TS2;TS;Winter_Mustard;Winter_Mustard;Winter_Wheat;Winter_Wheat;Winter_Oilseedrape;Yes;Yes;D;No;No;18403;2;31.79307747;29.24896812;35.51263046;-0.536394525;valid
2019-22;CASYS_mars-2019_P41_S_5/5;2019;P41;S_5/5;TS2;TS;Winter_Mustard;Winter_Mustard;Winter_Wheat;Winter_Wheat;Winter_Oilseedrape;Yes;Yes;D;No;No;21882;2;29.65073967;31.40696526;39.57697678;-0.438975327;valid
2019-23;CASYS_mars-2019_P42_S_1/5;2019;P42;S_1/5;TS2;TS;Bare_Soil;Spring_Chickpea;Winter_Wheat;Winter_Barley;Winter_Wheat;Yes;Yes;D;No;No;25364;2;33.22610474;28.68588829;33.20974731;-0.539553766;valid
2019-24;CASYS_mars-2019_P42_S_2/5;2019;P42;S_2/5;TS2;TS;Bare_Soil;Spring_Chickpea;Winter_Wheat;Winter_Barley;Winter_Wheat;Yes;Yes;D;No;No;18023;2;32.00551224;35.64281464;45.20317841;0.178227447;valid
2019-25;CASYS_mars-2019_P42_S_3/5;2019;P42;S_3/5;TS2;TS;Bare_Soil;Spring_Chickpea;Winter_Wheat;Winter_Barley;Winter_Wheat;Yes;Yes;D;No;No;24589;2;30.83190346;26.77986145;30.66023064;-0.922373879;valid
2019-26;CASYS_mars-2019_P42_S_5/5;2019;P42;S_5/5;TS2;TS;Bare_Soil;Spring_Chickpea;Winter_Wheat;Winter_Barley;Winter_Wheat;Yes;Yes;D;No;No;18276;2;29.0366993;33.02456284;39.93836594;-0.388047633;valid
2019-30;CASYS_mars-2019_P43_S_ajout;2019;P43;S_ajout;TS1;TS;Winter_Fababean;Winter_Fababean;Winter_Wheat;Winter_Oilseedrape;Winter_Barley;Yes;Yes;D;Yes;No;18593;2;23.65908432;25.97381783;41.407341;-1.127211547;valid
2019-27;CASYS_mars-2019_P43_S_1/3;2019;P43;S_1/3;TS1;TS;Winter_Fababean;Winter_Fababean;Winter_Wheat;Winter_Oilseedrape;Winter_Barley;Yes;Yes;D;Yes;No;17011;3;23.13999367;25.56168556;37.6783905;-1.32808821;valid
2019-28;CASYS_mars-2019_P43_S_2/3;2019;P43;S_2/3;TS1;TS;Winter_Fababean;Winter_Fababean;Winter_Wheat;Winter_Oilseedrape;Winter_Barley;Yes;Yes;D;Yes;No;11809;2;21.40096092;22.27490425;32.89751816;-1.815525219;valid
2019-29;CASYS_mars-2019_P43_S_3/3;2019;P43;S_3/3;TS1;TS;Winter_Fababean;Winter_Fababean;Winter_Wheat;Winter_Oilseedrape;Winter_Barley;Yes;Yes;D;Yes;No;18956;2;23.23399734;22.71593475;33.87021255;-1.612649715;valid
2019-31;CASYS_mars-2019_P44_S_1/5;2019;P44;S_1/5;TS1;TS;Spring_Barley;Spring_Barley;Winter_Mustard;Winter_Wheat;Soybean;Yes;Yes;D;Yes;No;17127;2;25.67567825;28.92201614;39.58776093;-0.881047201;valid
2019-32;CASYS_mars-2019_P44_S_2/5;2019;P44;S_2/5;TS1;TS;Spring_Barley;Spring_Barley;Winter_Mustard;Winter_Wheat;Soybean;Yes;Yes;D;Yes;No;24686;3;27.64624214;25.02887154;30.60484886;-1.266313718;valid
2019-33;CASYS_mars-2019_P44_S_3/5;2019;P44;S_3/5;TS1;TS;Spring_Barley;Spring_Barley;Winter_Mustard;Winter_Wheat;Soybean;Yes;Yes;D;Yes;No;15950;2;28.92392731;29.56153107;40.81158066;-0.54761139;valid
2019-35;CASYS_mars-2019_P45_S_4/7;2019;P45;S_4/7;TS1;TS;Winter_Wheat;Winter_Wheat;Winter_Wheat;Winter_Wheat;Winter_Pea;Yes;Yes;D;Yes;No;28176;5;27.36408234;26.13741684;37.64665604;-0.968288752;valid
2019-36;CASYS_mars-2019_P45_S_5/7;2019;P45;S_5/7;TS1;TS;Winter_Wheat;Winter_Wheat;Winter_Wheat;Winter_Wheat;Winter_Pea;Yes;Yes;D;Yes;No;11486;5;33.61565399;35.60905457;44.81385422;0.287976227;valid
2019-37;CASYS_mars-2019_P45_S_6/7;2019;P45;S_6/7;TS1;TS;Winter_Wheat;Winter_Wheat;Winter_Wheat;Winter_Wheat;Winter_Pea;Yes;Yes;D;Yes;No;19549;5;37.26160812;36.94085312;48.1199913;0.766466384;valid
2019-38;CASYS_mars-2019_P45_S_7/7;2019;P45;S_7/7;TS1;TS;Winter_Wheat;Winter_Wheat;Winter_Wheat;Winter_Wheat;Winter_Pea;Yes;Yes;D;Yes;No;60090;5;29.02163696;29.21426392;41.64220047;-0.527491114;valid
2019-39;CASYS_mars-2019_P46_S_3/6;2019;P46;S_3/6;TS1;TS;Winter_Oilseedrape;Winter_Oilseedrape;Winter_Wheat;Sunflower;Spring_Barley;Yes;Yes;D;Yes;No;16241;7;38.80579376;51.74420929;71.93916321;2.554696546;valid
2019-44;CASYS_mars-2019_P47_S_4/8;2019;P47;S_4/8;TS1;TS;Winter_Wheat;Winter_Wheat;Spring_Pea;Spring_Barley;Winter_Wheat;Yes;Yes;D;Yes;No;11474;8;49.65340805;60.9609375;90.05670166;4.563710847;valid
2019-45;CASYS_mars-2019_P47_S_5/8;2019;P47;S_5/8;TS1;TS;Winter_Wheat;Winter_Wheat;Spring_Pea;Spring_Barley;Winter_Wheat;Yes;Yes;D;Yes;No;17604;8;52.19982147;64.25060272;90.0681839;4.937382771;valid
2019-46;CASYS_mars-2019_P47_S_6/8;2019;P47;S_6/8;TS1;TS;Winter_Wheat;Winter_Wheat;Spring_Pea;Spring_Barley;Winter_Wheat;Yes;Yes;D;Yes;No;20229;2;41.69543076;47.19294739;70.50691223;2.486903038;valid
2019-47;CASYS_mars-2019_P48_S_2/7;2019;P48;S_2/7;TS1;TS;Bare_Soil;Soybean;Winter_Wheat;Spring_Barley;Winter_Wheat;Yes;Yes;D;Yes;No;16400;2;25.18001175;30.54006004;45.81677246;-0.602960992;valid
2019-48;CASYS_mars-2019_P48_S_3/7;2019;P48;S_3/7;TS1;TS;Bare_Soil;Soybean;Winter_Wheat;Soybean;Spring_Barley;Yes;Yes;D;Yes;No;13211;2;29.3012104;33.31129456;49.43893814;5.84E-04;contaminated
2019-1;CASYS_mars-2019_P48_S_4/7;2019;P48;S_4/7;TS1;TS;Bare_Soil;Soybean;Winter_Wheat;Spring_Barley;Winter_Wheat;Yes;Yes;D;Yes;No;20308;1;34.43919754;34.61590576;57.70333862;0.778491478;valid
2019-2;CASYS_mars-2019_P48_S_5/7;2019;P48;S_5/7;TS1;TS;Bare_Soil;Soybean;Winter_Wheat;Soybean;Spring_Barley;Yes;Yes;D;Yes;No;25032;2;37.05593872;44.79912949;63.3788681;1.732586872;valid
2019-3;CASYS_mars-2019_P49_S_2/7;2019;P49;S_2/7;TS1;TS;Winter_Mustard;Winter_Mustard;Winter_Wheat;Soybean;Spring_Barley;Yes;Yes;D;Yes;No;15078;3;32.14863205;32.48403168;37.55920792;-0.261475315;valid
2019-4;CASYS_mars-2019_P49_S_3/7;2019;P49;S_3/7;TS1;TS;Winter_Mustard;Winter_Mustard;Winter_Wheat;Soybean;Spring_Barley;Yes;Yes;D;Yes;No;13428;3;26.16790009;22.55061722;32.6587677;-1.43680379;valid
2019-5;CASYS_mars-2019_P49_S_4/7;2019;P49;S_4/7;TS1;TS;Winter_Mustard;Winter_Mustard;Winter_Wheat;Soybean;Spring_Barley;Yes;Yes;D;Yes;No;23397;7;34.47408676;42.28174591;54.97940826;1.085532265;valid
2019-6;CASYS_mars-2019_P49_S_5/7;2019;P49;S_5/7;TS1;TS;Winter_Mustard;Winter_Mustard;Winter_Wheat;Soybean;Spring_Barley;Yes;Yes;D;Yes;No;23211;7;30.27721596;39.06479263;53.62464142;0.536683146;valid
2019-70;CASYS_mars-2019_P6_S_3/9;2019;P6;S_3/9;SD2;MIX;Spring_Barley_/_Spring_Pea;Spring_Barley_/_Spring_Pea;Winter_Linseed;Spring_Barley;Winter_Wheat;Yes;Yes;C;Yes;No;31119;3;16.6029129;15.06496811;21.43542671;-2.997906076;valid
2019-71;CASYS_mars-2019_P6_S_4/9;2019;P6;S_4/9;SD2;MIX;Spring_Barley_/_Spring_Pea;Spring_Barley_/_Spring_Pea;Winter_Linseed;Spring_Barley;Winter_Wheat;Yes;Yes;C;Yes;No;15560;3;21.58412743;24.68429565;37.31677628;-1.509664964;valid
2019-123;CASYS_mars-2019_P6_S_7/9;2019;P6;S_7/9;SD2;MIX;Spring_Barley_/_Spring_Pea;Spring_Barley_/_Spring_Pea;Winter_Linseed;Spring_Barley;Winter_Wheat;Yes;Yes;C;Yes;No;24830;3;23.89837456;27.82879639;41.87791824;-0.992902768;valid
2019-73;CASYS_mars-2019_P7_S_2/8;2019;P7;S_2/8;TS2;MIX;Bare_Soil;Sunflower;Spring_Barley;Winter_Barley;Winter_Wheat;Yes;Yes;D;No;No;21690;7;40.07798386;41.35098267;63.85335922;1.804298678;valid
2019-125;CASYS_mars-2019_P7_S_7/8;2019;P7;S_7/8;TS2;MIX;Bare_Soil;Sunflower;Spring_Barley;Winter_Barley;Winter_Wheat;Yes;Yes;D;No;No;24412;3;26.28931046;17.41507721;22.74586678;-2.067006208;valid
2019-75;CASYS_mars-2019_P8_S_3/9;2019;P8;S_3/9;SD2;MIX;Winter_Wheat_/_Winter_fababean;Winter_Wheat_/_Winter_Fababean;Winter_Mustard;Spring_Barley;Winter_Wheat;Yes;Yes;C;Yes;No;19236;2;29.57749367;34.92495346;51.18059158;0.172220341;valid
2019-127;CASYS_mars-2019_P8_S_6/9;2019;P8;S_6/9;SD2;MIX;Winter_Wheat_/_Winter_fababean;Winter_Wheat_/_Winter_Fababean;Winter_Mustard;Spring_Barley;Winter_Wheat;Yes;Yes;C;Yes;No;24196;3;30.85752678;20.35078812;25.00915337;-1.470240693;valid
2019-128;CASYS_mars-2019_P8_S_7/9;2019;P8;S_7/9;SD2;MIX;Winter_Wheat_/_Winter_fababean;Winter_Wheat_/_Winter_Fababean;Winter_Mustard;Winter_Wheat;Sunflower;Yes;Yes;C;Yes;No;20231;2;23.17487144;27.16487503;45.24940872;-0.959443159;valid
2019-129;CASYS_mars-2019_P9_S_2/9;2019;P9;S_2/9;TS1;MIX;Bare_Soil;Maize;Spring_Barley;Sunflower;Winter_Wheat;Yes;Yes;D;Yes;No;24788;2;22.97315788;25.43282318;35.81305313;-1.417220827;valid
2019-130;CASYS_mars-2019_P9_S_4/9;2019;P9;S_4/9;TS1;MIX;Bare_Soil;Maize;Spring_Barley;Sunflower;Winter_Wheat;Yes;Yes;D;Yes;No;22039;2;22.99339104;24.08553696;33.73696136;-1.563984878;valid
2019-76;CASYS_mars-2019_P9_S_5/9;2019;P9;S_5/9;TS1;MIX;Bare_Soil;Maize;Spring_Barley;Sunflower;Winter_Wheat;Yes;Yes;D;Yes;No;17697;2;21.68287277;22.72440529;34.41260147;-1.713434612;valid
2019-77;CASYS_mars-2019_P9_S_9/9;2019;P9;S_9/9;TS1;MIX;Bare_Soil;Maize;Spring_Barley;Sunflower;Winter_Wheat;Yes;Yes;D;Yes;No;19735;3;20.83481216;17.5534668;25.19503593;-2.395549829;valid
2020-108;CASYS_mars-2020_P1_S_2/6;2020;P1;S_2/6;TS1;MIX;Bare_Soil;Maize;Winter_Wheat;Winter_Oilseedrape;Winter_Barley;Yes;Yes;D;Yes;No;23185;2;25.49051285;18.85499382;20.51083946;-2.136341423;valid
2020-109;CASYS_mars-2020_P1_S_3/6;2020;P1;S_3/6;TS1;MIX;Bare_Soil;Maize;Winter_Wheat;Winter_Oilseedrape;Winter_Barley;Yes;Yes;D;Yes;No;17836;2;29.50077248;28.98615646;37.0592804;-0.672234239;valid
2020-110;CASYS_mars-2020_P1_S_4/6;2020;P1;S_4/6;TS1;MIX;Bare_Soil;Maize;Winter_Wheat;Winter_Oilseedrape;Winter_Barley;Yes;Yes;D;Yes;No;17827;2;34.12475967;33.00229645;37.98065567;-0.063786701;valid
2020-111;CASYS_mars-2020_P1_S_6/6;2020;P1;S_6/6;TS1;MIX;Bare_Soil;Maize;Winter_Wheat;Winter_Oilseedrape;Winter_Barley;Yes;Yes;D;Yes;No;20263;2;34.11076355;32.64878082;42.22719574;0.074099846;valid
2020-112;CASYS_mars-2020_P10_S_1/8;2020;P10;S_1/8;SD1;MIX;Winter_Barley;Winter_Barley;Winter_Oilseedrape;Winter_Barley;Winter_Wheat;No;No;A;Yes;No;6928;6;26.60034752;24.27424812;34.60169983;-1.239657504;low_depth
2020-113;CASYS_mars-2020_P10_S_3/8;2020;P10;S_3/8;SD1;MIX;Winter_Barley;Winter_Barley;Winter_Oilseedrape;Winter_Barley;Winter_Mustard;No;No;A;Yes;No;30382;3;21.98937988;16.98521996;18.80698967;-2.572458653;valid
2020-114;CASYS_mars-2020_P10_S_5/8;2020;P10;S_5/8;SD1;MIX;Winter_Barley;Winter_Barley;Winter_Oilseedrape;Winter_Barley;Winter_Mustard;No;No;A;Yes;No;28305;3;25.8669548;19.9294281;22.83309364;-1.963829389;valid
2020-115;CASYS_mars-2020_P10_S_6/8;2020;P10;S_6/8;SD1;MIX;Winter_Barley;Winter_Barley;Winter_Oilseedrape;Winter_Barley;Winter_Wheat;No;No;A;Yes;No;23424;7;30.15846825;32.18008423;50.19648361;0.035960455;valid
2020-116;CASYS_mars-2020_P11_S_1/7;2020;P11;S_1/7;SD1;MIX;Winter_Wheat_/_Winter_fababean;Winter_Wheat_/_Winter_Fababean;Soybean;Winter_Fababean;Winter_Barley;No;No;A;Yes;No;25164;7;34.22989655;47.49969864;62.1258316;1.607763408;valid
2020-117;CASYS_mars-2020_P11_S_4/7;2020;P11;S_4/7;SD1;MIX;Winter_Wheat_/_Winter_fababean;Winter_Wheat_/_Winter_Fababean;Soybean;Winter_Fababean;Spring_Oat;No;No;A;Yes;No;13563;7;26.14457703;32.32195663;46.56547546;-0.405439047;valid
2020-118;CASYS_mars-2020_P11_S_5/7;2020;P11;S_5/7;SD1;MIX;Winter_Wheat_/_Winter_fababean;Winter_Wheat_/_Winter_Fababean;Soybean;Winter_Fababean;Winter_Barley;No;No;A;Yes;No;24659;7;34.03795624;41.66627502;55.0654335;1.02204726;valid
2020-140;CASYS_mars-2020_P11_S_6/7;2020;P11;S_6/7;SD1;MIX;Winter_Wheat_/_Winter_fababean;Winter_Wheat_/_Winter_Fababean;Soybean;Winter_Fababean;Spring_Oat;No;No;A;Yes;No;23914;1;35.21259308;40.50845718;53.7323494;1.003223076;valid
2020-141;CASYS_mars-2020_P12_S_2/7;2020;P12;S_2/7;TS2;MIX;Winter_Fababean;Winter_Fababean;Winter_Wheat_/_Winter_Pea;Spring_Fababean;Spring_Oat;Yes;Yes;D;No;No;21199;7;41.54918289;50.16750336;66.36410522;2.478958849;valid
2020-142;CASYS_mars-2020_P12_S_3/7;2020;P12;S_3/7;TS2;MIX;Winter_Fababean;Winter_Fababean;Winter_Wheat_/_Winter_Pea;Spring_Fababean;Winter_Barley;Yes;Yes;D;No;No;28672;2;33.70868683;40.09207153;51.17554092;0.768584668;valid
2020-143;CASYS_mars-2020_P12_S_4/7;2020;P12;S_4/7;TS2;MIX;Winter_Fababean;Winter_Fababean;Winter_Wheat_/_Winter_Pea;Spring_Fababean;Winter_Barley;Yes;Yes;D;No;No;27238;1;29.27592468;31.99465752;45.12912369;-0.231061886;valid
2020-144;CASYS_mars-2020_P12_S_5/7;2020;P12;S_5/7;TS2;MIX;Winter_Fababean;Winter_Fababean;Winter_Wheat_/_Winter_Pea;Spring_Fababean;Spring_Oat;Yes;Yes;D;No;No;33016;7;39.92574692;49.50222397;65.30367279;2.277365606;valid
2020-145;CASYS_mars-2020_P13_S_1/7;2020;P13;S_1/7;SD1;MIX;Winter_Oilseedrape;Winter_Oilseedrape;Spring_Barley_/_Spring_Pea;Winter_Wheat;Winter_Wheat;No;No;A;Yes;No;27901;7;37.4404068;46.21429825;56.2261467;1.57193066;valid
2020-146;CASYS_mars-2020_P13_S_2/7;2020;P13;S_2/7;SD1;MIX;Winter_Oilseedrape;Winter_Oilseedrape;Spring_Barley_/_Spring_Pea;Winter_Wheat;Winter_Oilseedrape;No;No;A;Yes;No;29208;2;30.63530731;28.8850708;44.46033096;-0.313995046;valid
2020-148;CASYS_mars-2020_P13_S_6/7;2020;P13;S_6/7;SD1;MIX;Winter_Oilseedrape;Winter_Oilseedrape;Spring_Barley_/_Spring_Pea;Winter_Wheat;Winter_Oilseedrape;No;No;A;Yes;No;25416;2;29.11074638;26.44653702;31.82166481;-1.031555415;valid
2020-149;CASYS_mars-2020_P14_S_2/6;2020;P14;S_2/6;TS2;MIX;Winter_Mustard;Winter_Mustard;Spring_Lupin;Winter_Wheat;Winter_Wheat;Yes;Yes;D;No;No;26768;3;24.78042984;30.33161545;34.98192596;-1.047564162;valid
2020-150;CASYS_mars-2020_P14_S_3/6;2020;P14;S_3/6;TS2;MIX;Winter_Mustard;Winter_Mustard;Spring_Lupin;Winter_Wheat;Winter_Oilseedrape;Yes;Yes;D;No;No;27848;2;31.1243;31.92507935;38.51337814;-0.335761293;valid
2020-151;CASYS_mars-2020_P14_S_4/6;2020;P14;S_4/6;TS2;MIX;Winter_Mustard;Winter_Mustard;Spring_Lupin;Winter_Wheat;Winter_Wheat;Yes;Yes;D;No;No;24225;7;30.09565353;40.40242767;51.95240402;0.531132738;valid
2020-152;CASYS_mars-2020_P14_S_5/6;2020;P14;S_5/6;TS2;MIX;Winter_Mustard;Winter_Mustard;Spring_Lupin;Winter_Wheat;Winter_Oilseedrape;Yes;Yes;D;No;No;22040;2;28.27093506;27.63433266;41.08750916;-0.690392613;valid
2020-153;CASYS_mars-2020_P16_S_2/6;2020;P16;S_2/6;SD1;SD;Bare_Soil;Spring_Barley_/_Spring_Pea;Winter_Linseed;Spring_Barley;Winter_Wheat;No;No;A;Yes;No;30028;3;30.5552597;24.76527977;30.1264801;-1.07039277;valid
2020-154;CASYS_mars-2020_P16_S_3/6;2020;P16;S_3/6;SD1;SD;Bare_Soil;Spring_Barley_/_Spring_Pea;Winter_Linseed;Spring_Barley;Winter_Wheat;No;No;A;Yes;No;30559;1;35.6476059;33.14266968;45.76163101;0.351715205;valid
2020-155;CASYS_mars-2020_P16_S_4/6;2020;P16;S_4/6;SD1;SD;Bare_Soil;Spring_Barley_/_Spring_Pea;Winter_Linseed;Spring_Barley;Winter_Wheat;No;No;A;Yes;No;24354;3;28.75119591;24.35053825;33.32082367;-1.114883282;valid
2020-156;CASYS_mars-2020_P16_S_6/6;2020;P16;S_6/6;SD1;SD;Bare_Soil;Spring_Barley_/_Spring_Pea;Winter_Linseed;Spring_Barley;Winter_Wheat;No;No;A;Yes;No;23360;1;35.21411896;38.08056641;52.52583313;0.83012944;valid
2020-157;CASYS_mars-2020_P17_S_1/6;2020;P17;S_1/6;SD1;SD;Winter_Barley;Winter_Barley;Winter_Oilseedrape;Winter_Barley;Winter_Mustard;No;No;A;Yes;No;25671;3;26.44153786;23.13142014;31.73491478;-1.418976774;valid
2020-158;CASYS_mars-2020_P17_S_2/6;2020;P17;S_2/6;SD1;SD;Winter_Barley;Winter_Barley;Winter_Oilseedrape;Winter_Barley;Winter_Mustard;No;No;A;Yes;No;23655;3;23.0542717;18.73923874;22.618433;-2.254837339;valid
2020-159;CASYS_mars-2020_P17_S_3/6;2020;P17;S_3/6;SD1;SD;Winter_Barley;Winter_Barley;Winter_Oilseedrape;Winter_Barley;Winter_Mustard;No;No;A;Yes;No;21851;3;25.27669525;21.55520439;28.97761726;-1.695873075;valid
2020-160;CASYS_mars-2020_P17_S_6/6;2020;P17;S_6/6;SD1;SD;Winter_Barley;Winter_Barley;Winter_Oilseedrape;Winter_Barley;Winter_Mustard;No;No;A;Yes;No;25951;3;23.19729614;18.74650955;25.89216232;-2.121703601;valid
2020-161;CASYS_mars-2020_P18_S_2/7;2020;P18;S_2/7;SD1;SD;Bare_Soil;Soybean;Winter_Wheat;Winter_Wheat;Winter_Mustard;No;No;A;Yes;No;28885;5;25.9823246;28.20646858;34.06893539;-1.099819834;valid
2020-162;CASYS_mars-2020_P18_S_4/7;2020;P18;S_4/7;SD1;SD;Bare_Soil;Soybean;Winter_Wheat;Winter_Wheat;Winter_Mustard;No;No;A;Yes;No;25521;5;25.65625954;25.91451454;39.98480988;-1.026893454;valid
2020-163;CASYS_mars-2020_P18_S_6/7;2020;P18;S_6/7;SD1;SD;Bare_Soil;Soybean;Winter_Wheat;Winter_Wheat;Winter_Wheat;No;No;A;Yes;No;26372;3;28.53821182;21.00909996;26.2351017;-1.571382821;valid
2020-164;CASYS_mars-2020_P18_S_7/7;2020;P18;S_7/7;SD1;SD;Bare_Soil;Soybean;Winter_Wheat;Winter_Wheat;Winter_Mustard;No;No;A;Yes;No;24186;5;30.16370201;32.69610214;45.68448257;-0.103873732;valid
2020-165;CASYS_mars-2020_P19_S_2/7;2020;P19;S_2/7;SD1;SD;Winter_Oilseedrape;Winter_Oilseedrape;Spring_Barley_/_Spring_Pea;Soybean;Winter_Wheat;No;No;A;Yes;No;22012;7;34.12757111;32.43252945;43.28556442;0.103275851;valid
2020-166;CASYS_mars-2020_P19_S_3/7;2020;P19;S_3/7;SD1;SD;Winter_Oilseedrape;Winter_Oilseedrape;Spring_Barley_/_Spring_Pea;Soybean;Winter_Wheat;No;No;A;Yes;No;21116;7;28.77690125;28.16507912;34.95448303;-0.850457196;valid
2020-167;CASYS_mars-2020_P19_S_4/7;2020;P19;S_4/7;SD1;SD;Winter_Oilseedrape;Winter_Oilseedrape;Spring_Barley_/_Spring_Pea;Soybean;Winter_Wheat;No;No;A;Yes;No;20154;7;31.47402954;35.85947418;45.81163788;0.17069217;valid
2020-168;CASYS_mars-2020_P19_S_7/7;2020;P19;S_7/7;SD1;SD;Winter_Oilseedrape;Winter_Oilseedrape;Spring_Barley_/_Spring_Pea;Soybean;Winter_Wheat;No;No;A;Yes;No;21381;7;35.43756485;38.52494812;49.46493912;0.757462497;valid
2020-119;CASYS_mars-2020_P20_S_3/6;2020;P20;S_3/6;SD1;SD;Winter_Wheat;Winter_Wheat;Winter_Barley;Soybean;Winter_Wheat;No;No;A;Yes;No;26142;7;31.66583443;35.00674438;48.96922684;0.257844164;valid
2020-120;CASYS_mars-2020_P20_S_4/6;2020;P20;S_4/6;SD1;SD;Winter_Wheat;Winter_Wheat;Winter_Barley;Soybean;Winter_Wheat;No;No;A;Yes;No;29571;7;31.15576935;35.96332169;51.08974457;0.347264424;valid
2020-121;CASYS_mars-2020_P20_S_5/6;2020;P20;S_5/6;SD1;SD;Winter_Wheat;Winter_Wheat;Winter_Barley;Soybean;Winter_Wheat;No;No;A;Yes;No;15832;7;27.50270462;30.06919861;41.08026886;-0.621991554;valid
2020-122;CASYS_mars-2020_P20_S_6/6;2020;P20;S_6/6;SD1;SD;Winter_Wheat;Winter_Wheat;Winter_Barley;Soybean;Winter_Wheat;No;No;A;Yes;No;29711;7;36.40821457;39.06391525;54.72986221;1.057413851;valid
2020-123;CASYS_mars-2020_P21_S_2/6;2020;P21;S_2/6;SD1;SD;Winter_Wheat_/_Winter_fababean;Winter_Wheat_/_Winter_Fababean;Soybean;Spring_Barley;Winter_Wheat;No;No;A;Yes;No;26724;6;30.28026009;26.3157444;38.38027191;-0.703431435;valid
2020-124;CASYS_mars-2020_P21_S_3/6;2020;P21;S_3/6;SD1;SD;Winter_Wheat_/_Winter_fababean;Winter_Wheat_/_Winter_Fababean;Soybean;Spring_Barley;Winter_Wheat;No;No;A;Yes;No;18621;2;30.25409317;31.07646561;49.32415771;-0.047319137;valid
2020-125;CASYS_mars-2020_P21_S_4/6;2020;P21;S_4/6;SD1;SD;Winter_Wheat_/_Winter_fababean;Winter_Wheat_/_Winter_Fababean;Soybean;Spring_Barley;Winter_Wheat;No;No;A;Yes;No;18591;2;28.43782425;28.11338615;39.79287338;-0.70006774;valid
2020-126;CASYS_mars-2020_P21_S_5/6;2020;P21;S_5/6;SD1;SD;Winter_Wheat_/_Winter_fababean;Winter_Wheat_/_Winter_Fababean;Soybean;Spring_Barley;Winter_Wheat;No;No;A;Yes;No;19839;2;35.21374893;38.24030304;57.55575943;1.025316761;valid
2020-127;CASYS_mars-2020_P22_S_3/6;2020;P22;S_3/6;SD2;SD;Winter_Barley;Winter_Barley;Winter_Oilseedrape;Winter_Wheat;Winter_Fababean;No;Yes;B;Yes;No;27354;2;37.70401001;43.60313416;61.91536331;1.665698015;valid
2020-128;CASYS_mars-2020_P22_S_4/6;2020;P22;S_4/6;SD2;SD;Winter_Barley;Winter_Barley;Winter_Oilseedrape;Winter_Wheat;Winter_Fababean;No;Yes;B;Yes;No;29480;2;40.80486679;51.35557556;70.48448944;2.63655103;valid
2020-129;CASYS_mars-2020_P22_S_5/6;2020;P22;S_5/6;SD2;SD;Winter_Barley;Winter_Barley;Winter_Oilseedrape;Winter_Wheat;Winter_Oilseedrape;No;Yes;B;Yes;No;29411;7;25.01616859;33.87634277;50.01407242;-0.283470974;valid
2020-130;CASYS_mars-2020_P22_S_6/6;2020;P22;S_6/6;SD2;SD;Winter_Barley;Winter_Barley;Winter_Oilseedrape;Winter_Wheat;Winter_Fababean;No;Yes;B;Yes;No;27617;2;34.75524521;42.03908157;49.75218582;0.900604111;valid
2020-131;CASYS_mars-2020_P23_S_1/5;2020;P23;S_1/5;SD2;SD;Winter_Wheat_/_Winter_fababean;Winter_Wheat_/_Winter_Fababean;Soybean;Winter_Wheat;Winter_Fababean;No;Yes;B;Yes;No;26284;7;37.48980331;44.70716095;58.2224617;1.570207619;valid
2020-132;CASYS_mars-2020_P23_S_3/5;2020;P23;S_3/5;SD2;SD;Winter_Wheat_/_Winter_fababean;Winter_Wheat_/_Winter_Fababean;Soybean;Winter_Wheat;Winter_Fababean;No;Yes;B;Yes;No;26392;7;40.64994049;51.54655838;72.27022552;2.700836297;valid
2020-133;CASYS_mars-2020_P23_S_4/5;2020;P23;S_4/5;SD2;SD;Winter_Wheat_/_Winter_fababean;Winter_Wheat_/_Winter_Fababean;Soybean;Winter_Wheat;Winter_Wheat;No;Yes;B;Yes;No;20887;7;42.7458725;52.02490997;70.09320068;2.809303689;valid
2020-134;CASYS_mars-2020_P23_S_5/5;2020;P23;S_5/5;SD2;SD;Winter_Wheat_/_Winter_fababean;Winter_Wheat_/_Winter_Fababean;Soybean;Winter_Wheat;Winter_Fababean;No;Yes;B;Yes;No;27203;2;35.26184082;36.27852249;52.82532501;0.74967223;valid
2020-135;CASYS_mars-2020_P24_S_1/6;2020;P24;S_1/6;SD2;SD;Winter_Oilseedrape;Winter_Oilseedrape;Spring_Barley_/_Spring_Pea;Winter_Wheat;Winter_Wheat;No;Yes;B;Yes;No;23831;7;34.09690475;40.95318604;51.33763504;0.850525928;valid
2020-136;CASYS_mars-2020_P24_S_2/6;2020;P24;S_2/6;SD2;SD;Winter_Oilseedrape;Winter_Oilseedrape;Spring_Barley_/_Spring_Pea;Winter_Wheat;Winter_Wheat;No;Yes;B;Yes;No;27005;7;41.78979111;55.02865601;73.50037384;3.019875971;valid
2020-137;CASYS_mars-2020_P24_S_4/6;2020;P24;S_4/6;SD2;SD;Winter_Oilseedrape;Winter_Oilseedrape;Spring_Barley_/_Spring_Pea;Winter_Wheat;Winter_Wheat;No;Yes;B;Yes;No;27822;7;30.48516273;39.19688416;52.31773376;0.511413866;valid
2020-138;CASYS_mars-2020_P24_S_6/6;2020;P24;S_6/6;SD2;SD;Winter_Oilseedrape;Winter_Oilseedrape;Spring_Barley_/_Spring_Pea;Winter_Wheat;Winter_Wheat;No;Yes;B;Yes;No;41701;7;38.03642654;50.24336243;69.27328491;2.31612628;valid
2020-139;CASYS_mars-2020_P25_S_3/7;2020;P25;S_3/7;SD2;SD;Bare_Soil;Soybean;Winter_Wheat;Winter_Wheat;Winter_Wheat;No;Yes;B;Yes;No;26759;7;35.36741638;40.19919968;55.81165314;1.076187996;valid
2020-89;CASYS_mars-2020_P25_S_4/7;2020;P25;S_4/7;SD2;SD;Bare_Soil;Soybean;Winter_Wheat;Winter_Wheat;Winter_Wheat;No;Yes;B;Yes;No;34988;5;22.3349247;15.90906525;13.47082806;-2.800477876;valid
2020-90;CASYS_mars-2020_P25_S_6/7;2020;P25;S_6/7;SD2;SD;Bare_Soil;Soybean;Winter_Wheat;Winter_Wheat;Winter_Wheat;No;Yes;B;Yes;No;34060;5;24.68734741;24.81898117;29.39203453;-1.553976201;valid
2020-91;CASYS_mars-2020_P25_S_7/7;2020;P25;S_7/7;SD2;SD;Bare_Soil;Soybean;Winter_Wheat;Winter_Wheat;Winter_Wheat;No;Yes;B;Yes;No;28859;7;61.37896347;74.83243561;93.73986053;6.351650586;valid
2020-92;CASYS_mars-2020_P26_S_2/5;2020;P26;S_2/5;SD2;SD;Winter_Wheat;Winter_Wheat;Winter_Barley;Winter_Wheat;Winter_Oilseedrape;No;Yes;B;Yes;No;31284;2;29.59803391;28.9182415;39.90336609;-0.562611241;valid
2020-93;CASYS_mars-2020_P26_S_3/5;2020;P26;S_3/5;SD2;SD;Winter_Wheat;Winter_Wheat;Winter_Barley;Winter_Wheat;Winter_Wheat;No;Yes;B;Yes;No;26583;7;34.7252655;47.46476746;65.77185059;1.780058915;valid
2020-94;CASYS_mars-2020_P26_S_4/5;2020;P26;S_4/5;SD2;SD;Winter_Wheat;Winter_Wheat;Winter_Barley;Winter_Wheat;Winter_Oilseedrape;No;Yes;B;Yes;No;28073;2;28.3361702;25.36258316;33.35450745;-1.092579473;valid
2020-95;CASYS_mars-2020_P26_S_5/5;2020;P26;S_5/5;SD2;SD;Winter_Wheat;Winter_Wheat;Winter_Barley;Winter_Wheat;Winter_Oilseedrape;No;Yes;B;Yes;No;23779;2;27.61285019;26.44705772;37.14890289;-0.950928152;valid
2020-96;CASYS_mars-2020_P27_S_1/7;2020;P27;S_1/7;SD2;SD;Bare_Soil;Spring_Barley_/_Spring_Pea;Winter_Wheat_/_Winter_Fababean;Winter_Wheat;Winter_Oilseedrape;No;Yes;B;Yes;No;16790;7;34.93305969;43.72417831;62.12804794;1.463175886;valid
2020-97;CASYS_mars-2020_P27_S_2/7;2020;P27;S_2/7;SD2;SD;Bare_Soil;Spring_Barley_/_Spring_Pea;Winter_Wheat_/_Winter_Fababean;Winter_Wheat;Winter_Barley;No;Yes;B;Yes;No;9789;2;26.28034592;23.50452042;32.20371246;-1.39444903;low_depth
2020-98;CASYS_mars-2020_P27_S_4/7;2020;P27;S_4/7;SD2;SD;Bare_Soil;Spring_Barley_/_Spring_Pea;Winter_Wheat_/_Winter_Fababean;Winter_Wheat;Winter_Barley;No;Yes;B;Yes;No;9163;2;28.40479469;27.86361694;37.73934174;-0.792113055;low_depth
2020-99;CASYS_mars-2020_P27_S_6/7;2020;P27;S_6/7;SD2;SD;Bare_Soil;Spring_Barley_/_Spring_Pea;Winter_Wheat_/_Winter_Fababean;Winter_Wheat;Winter_Oilseedrape;No;Yes;B;Yes;No;12838;1;27.16226768;35.25706482;46.44413757;-0.175071388;valid
2020-100;CASYS_mars-2020_P28_S_3/10;2020;P28;S_3/10;TS2;TS;Bare_Soil;Soybean;Winter_Wheat_/_Winter_Pea;Winter_Oilseedrape;Spring_Barley;Yes;Yes;D;No;No;670;7;35.27245712;42.48793411;55.95804977;1.195246926;low_depth
2020-101;CASYS_mars-2020_P28_S_4/10;2020;P28;S_4/10;TS2;TS;Bare_Soil;Soybean;Winter_Wheat_/_Winter_Pea;Winter_Oilseedrape;Spring_Barley;Yes;Yes;D;No;No;323;7;52.2969017;63.13597488;72.91835785;4.249230205;low_depth
2020-102;CASYS_mars-2020_P28_S_5/10;2020;P28;S_5/10;TS2;TS;Bare_Soil;Soybean;Winter_Wheat_/_Winter_Pea;Winter_Oilseedrape;Spring_Barley;Yes;Yes;D;No;No;19284;7;51.19502258;61.01482773;72.14298248;4.022030041;valid
2020-103;CASYS_mars-2020_P28_S_6/10;2020;P28;S_6/10;TS2;TS;Bare_Soil;Soybean;Winter_Wheat_/_Winter_Pea;Winter_Oilseedrape;Spring_Barley;Yes;Yes;D;No;No;21882;1;43.39596176;52.89743805;69.29784393;2.876788168;valid
2020-104;CASYS_mars-2020_P29_S_1/7;2020;P29;S_1/7;TS2;TS;Winter_Wheat_/_Winter_Pea;Winter_Wheat_/_Winter_Pea;Winter_Oilseedrape;Winter_Barley;Winter_Wheat;Yes;Yes;D;No;No;21568;7;52.07125473;65.1702652;75.45048523;4.43319053;valid
2020-105;CASYS_mars-2020_P29_S_2/7;2020;P29;S_2/7;TS2;TS;Winter_Wheat_/_Winter_Pea;Winter_Wheat_/_Winter_Pea;Winter_Oilseedrape;Winter_Barley;Spring_Barley;Yes;Yes;D;No;No;25287;1;35.49913788;41.29926682;54.88022995;1.110093638;valid
2020-106;CASYS_mars-2020_P29_S_4/7;2020;P29;S_4/7;TS2;TS;Winter_Wheat_/_Winter_Pea;Winter_Wheat_/_Winter_Pea;Winter_Oilseedrape;Winter_Barley;Winter_Wheat;Yes;Yes;D;No;No;21992;7;38.24475861;45.5808754;58.99778366;1.704281736;valid
2020-107;CASYS_mars-2020_P29_S_5/7;2020;P29;S_5/7;TS2;TS;Winter_Wheat_/_Winter_Pea;Winter_Wheat_/_Winter_Pea;Winter_Oilseedrape;Winter_Barley;Spring_Barley;Yes;Yes;D;No;No;21519;3;27.32024384;22.05771828;25.1987648;-1.649704542;valid
2020-7;CASYS_mars-2020_P30_S_2/6;2020;P30;S_2/6;SD1;MIX;Bare_Soil;Spring_Barley_/_Spring_Pea;Winter_Wheat_/_Winter_Fababean;Winter_Wheat;Soybean;No;No;A;Yes;No;24536;7;48.83739853;49.5485878;65.07707214;2.968723442;valid
2020-8;CASYS_mars-2020_P30_S_3/6;2020;P30;S_3/6;SD1;MIX;Bare_Soil;Spring_Barley_/_Spring_Pea;Winter_Wheat_/_Winter_Fababean;Winter_Wheat;Winter_Wheat;No;No;A;Yes;No;25152;3;36.25416565;38.31503296;43.60243988;0.592575165;valid
2020-9;CASYS_mars-2020_P30_S_4/6;2020;P30;S_4/6;SD1;MIX;Bare_Soil;Spring_Barley_/_Spring_Pea;Winter_Wheat_/_Winter_Fababean;Winter_Wheat;Soybean;No;No;A;Yes;No;31336;1;39.22565842;32.53931427;42.17079544;0.466446513;valid
2020-10;CASYS_mars-2020_P30_S_5/6;2020;P30;S_5/6;SD1;MIX;Bare_Soil;Spring_Barley_/_Spring_Pea;Winter_Wheat_/_Winter_Fababean;Winter_Wheat;Soybean;No;No;A;Yes;No;26531;1;31.72906494;32.49445724;44.34664917;-0.041727772;valid
2020-11;CASYS_mars-2020_P31_S_1/7;2020;P31;S_1/7;TS1;MIX;Winter_Mustard;Winter_Mustard;Spring_Lupin;Spring_Barley;Sunflower;Yes;Yes;D;Yes;No;30327;3;22.44462204;18.19041824;27.36690712;-2.155251941;valid
2020-12;CASYS_mars-2020_P31_S_2/7;2020;P31;S_2/7;TS1;MIX;Winter_Mustard;Winter_Mustard;Spring_Lupin;Spring_Barley;Winter_Wheat;Yes;Yes;D;Yes;No;14933;3;23.43868637;19.28284264;23.27307129;-2.171698323;valid
2020-13;CASYS_mars-2020_P31_S_4/7;2020;P31;S_4/7;TS1;MIX;Winter_Mustard;Winter_Mustard;Spring_Lupin;Spring_Barley;Sunflower;Yes;Yes;D;Yes;No;25650;3;21.52295303;18.06248283;21.26202393;-2.460819578;valid
2020-14;CASYS_mars-2020_P31_S_6/7;2020;P31;S_6/7;TS1;MIX;Winter_Mustard;Winter_Mustard;Spring_Lupin;Spring_Barley;Sunflower;Yes;Yes;D;Yes;No;24882;3;21.28235245;17.62153053;23.09143257;-2.43504021;valid
2020-15;CASYS_mars-2020_P32_S_1/6;2020;P32;S_1/6;SD2;MIX;Winter_Barley;Winter_Barley;Winter_Oilseedrape;Winter_Barley;Winter_Wheat;No;Yes;B;Yes;No;31089;2;35.75452042;38.53396988;49.63495255;0.789053647;valid
2020-16;CASYS_mars-2020_P32_S_2/6;2020;P32;S_2/6;SD2;MIX;Winter_Barley;Winter_Barley;Winter_Oilseedrape;Winter_Barley;Winter_Wheat;No;Yes;B;Yes;No;28575;2;36.2758255;33.78181458;54.62225342;0.763683512;valid
2020-17;CASYS_mars-2020_P32_S_3/6;2020;P32;S_3/6;SD2;MIX;Winter_Barley;Winter_Barley;Winter_Oilseedrape;Winter_Barley;Winter_Barley;No;Yes;B;Yes;No;27420;7;35.47964478;35.74013138;41.09947205;0.302842901;valid
2020-18;CASYS_mars-2020_P32_S_4/6;2020;P32;S_4/6;SD2;MIX;Winter_Barley;Winter_Barley;Winter_Oilseedrape;Winter_Barley;Winter_Wheat;No;Yes;B;Yes;No;20680;2;32.96232986;26.93515968;33.39754868;-0.645818091;valid
2020-19;CASYS_mars-2020_P33_S_2/6;2020;P33;S_2/6;TS1;MIX;Winter_Wheat;Winter_Wheat;Soybean;Winter_Wheat;Winter_Oilseedrape;Yes;Yes;D;Yes;No;24799;2;29.12561989;41.20984268;54.10970306;0.57803774;valid
2020-20;CASYS_mars-2020_P33_S_3/6;2020;P33;S_3/6;TS1;MIX;Winter_Wheat;Winter_Wheat;Soybean;Winter_Wheat;Winter_Barley;Yes;Yes;D;Yes;No;29179;2;30.54327774;46.47262573;65.20194244;1.37918965;valid
2020-21;CASYS_mars-2020_P33_S_4/6;2020;P33;S_4/6;TS1;MIX;Winter_Wheat;Winter_Wheat;Soybean;Winter_Wheat;Winter_Oilseedrape;Yes;Yes;D;Yes;No;21343;2;23.13487053;25.41486549;40.43363571;-1.233948737;valid
2020-22;CASYS_mars-2020_P33_S_5/6;2020;P33;S_5/6;TS1;MIX;Winter_Wheat;Winter_Wheat;Soybean;Winter_Wheat;Winter_Oilseedrape;Yes;Yes;D;Yes;No;25708;2;22.66707802;23.50545311;31.40492058;-1.706791128;valid
2020-23;CASYS_mars-2020_P34_S_1/4;2020;P34;S_1/4;TS2;MIX;Bare_Soil;Sunflower;Winter_Wheat;Sunflower;Spring_Barley;Yes;Yes;D;No;No;30740;6;25.59155083;25.80328369;36.74324417;-1.158203408;valid
2020-24;CASYS_mars-2020_P34_S_2/4;2020;P34;S_2/4;TS2;MIX;Bare_Soil;Sunflower;Winter_Wheat;Sunflower;Spring_Barley;Yes;Yes;D;No;No;30261;5;38.80677795;47.11414719;68.22689056;2.172043555;valid
2020-25;CASYS_mars-2020_P34_S_3/4;2020;P34;S_3/4;TS2;MIX;Bare_Soil;Sunflower;Winter_Wheat;Sunflower;Spring_Barley;Yes;Yes;D;No;No;25322;2;26.66508675;30.5266819;38.3198967;-0.765832976;valid
2020-26;CASYS_mars-2020_P34_S_4/4;2020;P34;S_4/4;TS2;MIX;Bare_Soil;Sunflower;Winter_Wheat;Sunflower;Spring_Barley;Yes;Yes;D;No;No;23858;5;39.45975113;41.9164772;48.38216019;1.211367158;valid
2020-27;CASYS_mars-2020_P37_S_3/10;2020;P37;S_3/10;SD2;MIX;Winter_Wheat_/_Winter_fababean;Winter_Wheat_/_Winter_Fababean;Soybean;Spring_Pea;Winter_Oat;No;Yes;B;Yes;No;20756;2;38.98884201;32.24332047;37.0148468;0.240813663;valid
2020-28;CASYS_mars-2020_P37_S_4/10;2020;P37;S_4/10;SD2;MIX;Winter_Wheat_/_Winter_fababean;Winter_Wheat_/_Winter_Fababean;Soybean;Spring_Pea;Winter_Oat;No;Yes;B;Yes;No;25423;2;42.41016388;40.88479614;49.75284576;1.438559973;valid
2020-29;CASYS_mars-2020_P37_S_6/10;2020;P37;S_6/10;SD2;MIX;Winter_Wheat_/_Winter_fababean;Winter_Wheat_/_Winter_Fababean;Soybean;Spring_Pea;Winter_Oat;No;Yes;B;Yes;No;22779;2;41.58791351;32.95064163;41.02745438;0.630590207;valid
2020-30;CASYS_mars-2020_P37_S_7/10;2020;P37;S_7/10;SD2;MIX;Winter_Wheat_/_Winter_fababean;Winter_Wheat_/_Winter_Fababean;Soybean;Spring_Pea;Winter_Barley;No;Yes;B;Yes;No;25983;2;37.38601303;27.71624565;37.14509583;-0.11920974;valid
2020-31;CASYS_mars-2020_P38_S_4/11;2020;P38;S_4/11;TS2;TS;Bare_Soil;Soybean;Winter_Wheat;Soybean;Winter_Wheat;Yes;Yes;D;No;No;23204;2;33.25239944;25.41822052;25.40917015;-0.999971899;valid
2020-32;CASYS_mars-2020_P38_S_5/11;2020;P38;S_5/11;TS2;TS;Bare_Soil;Soybean;Winter_Wheat;Soybean;Winter_Wheat;Yes;Yes;D;No;No;24582;2;30.47856522;24.10016251;25.79000092;-1.272591734;valid
2020-33;CASYS_mars-2020_P38_S_7/11;2020;P38;S_7/11;TS2;TS;Bare_Soil;Soybean;Winter_Wheat;Soybean;Winter_Wheat;Yes;Yes;D;No;No;23034;2;29.21422577;22.02156258;27.08502007;-1.433377324;valid
2020-34;CASYS_mars-2020_P38_S_8/11;2020;P38;S_8/11;TS2;TS;Bare_Soil;Soybean;Winter_Wheat;Soybean;Soybean;Yes;Yes;D;No;No;27016;2;31.20078659;27.42755508;34.96733475;-0.699324004;valid
2020-35;CASYS_mars-2020_P39_S_5/9;2020;P39;S_5/9;TS2;TS;Winter_Oilseedrape;Winter_Oilseedrape;Winter_Fababean;Winter_Wheat;Soybean;Yes;Yes;D;No;No;23061;2;29.25809097;30.84654617;38.96244431;-0.52215883;valid
2020-36;CASYS_mars-2020_P39_S_6/9;2020;P39;S_6/9;TS2;TS;Winter_Oilseedrape;Winter_Oilseedrape;Winter_Fababean;Winter_Wheat;Soybean;Yes;Yes;D;No;No;22833;2;28.60657692;33.57165909;43.23918915;-0.270203602;valid
2020-37;CASYS_mars-2020_P39_S_7/9;2020;P39;S_7/9;TS2;TS;Winter_Oilseedrape;Winter_Oilseedrape;Winter_Fababean;Winter_Wheat;Soybean;Yes;Yes;D;No;No;21317;2;28.20000648;24.44899368;29.06915474;-1.310675336;valid
2020-38;CASYS_mars-2020_P39_S_8/9;2020;P39;S_8/9;TS2;TS;Winter_Oilseedrape;Winter_Oilseedrape;Winter_Fababean;Winter_Wheat;Soybean;Yes;Yes;D;No;No;26341;2;32.19332123;34.17389297;41.20654678;-0.033169655;valid
2020-39;CASYS_mars-2020_P40_S_4/8;2020;P40;S_4/8;TS2;TS;Winter_Wheat;Winter_Wheat;Soybean;Winter_Wheat;Winter_Oilseedrape;Yes;Yes;D;No;No;26545;3;21.54273033;17.92028809;24.59273338;-2.343119327;valid
2020-40;CASYS_mars-2020_P40_S_5/8;2020;P40;S_5/8;TS2;TS;Winter_Wheat;Winter_Wheat;Soybean;Winter_Wheat;Winter_Oilseedrape;Yes;Yes;D;No;No;22115;3;26.82535553;20.36508369;25.89103508;-1.752248818;valid
2020-41;CASYS_mars-2020_P40_S_6/8;2020;P40;S_6/8;TS2;TS;Winter_Wheat;Winter_Wheat;Soybean;Winter_Wheat;Winter_Oilseedrape;Yes;Yes;D;No;No;34263;2;27.23273468;19.55216789;26.22763634;-1.750869661;valid
2020-42;CASYS_mars-2020_P40_S_7/8;2020;P40;S_7/8;TS2;TS;Winter_Wheat;Winter_Wheat;Soybean;Winter_Wheat;Winter_Oilseedrape;Yes;Yes;D;No;No;27308;2;27.13938141;19.75190163;22.61333656;-1.881813871;valid
2020-43;CASYS_mars-2020_P41_S_2/5;2020;P41;S_2/5;TS2;TS;Winter_Wheat_/_Winter_Pea;Winter_Wheat_/_Winter_Pea;Winter_Mustard;Winter_Wheat;Winter_Wheat;Yes;Yes;D;No;No;16780;2;28.91122246;31.21051788;34.53362274;-0.694497656;valid
2020-44;CASYS_mars-2020_P41_S_3/5;2020;P41;S_3/5;TS2;TS;Winter_Wheat_/_Winter_Pea;Winter_Wheat_/_Winter_Pea;Winter_Mustard;Winter_Wheat;Winter_Wheat;Yes;Yes;D;No;No;17591;2;31.03715897;32.72729874;38.90886688;-0.285464733;valid
2020-45;CASYS_mars-2020_P41_S_4/5;2020;P41;S_4/5;TS2;TS;Winter_Wheat_/_Winter_Pea;Winter_Wheat_/_Winter_Pea;Winter_Mustard;Winter_Wheat;Winter_Wheat;Yes;Yes;D;No;No;18100;2;31.79307747;29.24896812;35.51263046;-0.536394525;valid
2020-1;CASYS_mars-2020_P41_S_5/5;2020;P41;S_5/5;TS2;TS;Winter_Wheat_/_Winter_Pea;Winter_Wheat_/_Winter_Pea;Winter_Mustard;Winter_Wheat;Winter_Wheat;Yes;Yes;D;No;No;29316;2;29.65073967;31.40696526;39.57697678;-0.438975327;valid
2020-62;CASYS_mars-2020_P42_S_1/5;2020;P42;S_1/5;TS2;TS;Winter_Wheat_/_Winter_fababean;Winter_Wheat_/_Winter_Fababean;Spring_chickpea;Winter_Wheat;Winter_Barley;Yes;Yes;D;No;No;30642;2;33.22610474;28.68588829;33.20974731;-0.539553766;valid
2020-63;CASYS_mars-2020_P42_S_2/5;2020;P42;S_2/5;TS2;TS;Winter_Wheat_/_Winter_fababean;Winter_Wheat_/_Winter_Fababean;Spring_chickpea;Winter_Wheat;Winter_Barley;Yes;Yes;D;No;No;21802;2;32.00551224;35.64281464;45.20317841;0.178227447;valid
2020-64;CASYS_mars-2020_P42_S_3/5;2020;P42;S_3/5;TS2;TS;Winter_Wheat_/_Winter_fababean;Winter_Wheat_/_Winter_Fababean;Spring_chickpea;Winter_Wheat;Winter_Barley;Yes;Yes;D;No;No;23589;2;30.83190346;26.77986145;30.66023064;-0.922373879;valid
2020-65;CASYS_mars-2020_P42_S_5/5;2020;P42;S_5/5;TS2;TS;Winter_Wheat_/_Winter_fababean;Winter_Wheat_/_Winter_Fababean;Spring_chickpea;Winter_Wheat;Winter_Barley;Yes;Yes;D;No;No;17745;2;29.0366993;33.02456284;39.93836594;-0.388047633;valid
2020-69;CASYS_mars-2020_P43_S_ajout;2020;P43;S_ajout;TS1;TS;Winter_Oilseedrape;Winter_Oilseedrape;Winter_Fababean;Winter_Wheat;Winter_Oilseedrape;Yes;Yes;D;Yes;No;19591;2;23.65908432;25.97381783;41.407341;-1.127211547;valid
2020-66;CASYS_mars-2020_P43_S_1/3;2020;P43;S_1/3;TS1;TS;Winter_Oilseedrape;Winter_Oilseedrape;Winter_Fababean;Winter_Wheat;Winter_Oilseedrape;Yes;Yes;D;Yes;No;24646;3;23.13999367;25.56168556;37.6783905;-1.32808821;valid
2020-67;CASYS_mars-2020_P43_S_2/3;2020;P43;S_2/3;TS1;TS;Winter_Oilseedrape;Winter_Oilseedrape;Winter_Fababean;Winter_Wheat;Winter_Oilseedrape;Yes;Yes;D;Yes;No;20420;2;21.40096092;22.27490425;32.89751816;-1.815525219;valid
2020-68;CASYS_mars-2020_P43_S_3/3;2020;P43;S_3/3;TS1;TS;Winter_Oilseedrape;Winter_Oilseedrape;Winter_Fababean;Winter_Wheat;Winter_Oilseedrape;Yes;Yes;D;Yes;No;18164;2;23.23399734;22.71593475;33.87021255;-1.612649715;valid
2020-70;CASYS_mars-2020_P44_S_1/5;2020;P44;S_1/5;TS1;TS;Winter_Fababean;Winter_Fababean;Spring_Barley;Winter_Mustard;Winter_Wheat;Yes;Yes;D;Yes;No;20274;2;25.67567825;28.92201614;39.58776093;-0.881047201;valid
2020-71;CASYS_mars-2020_P44_S_2/5;2020;P44;S_2/5;TS1;TS;Winter_Fababean;Winter_Fababean;Spring_Barley;Winter_Mustard;Winter_Wheat;Yes;Yes;D;Yes;No;16446;3;27.64624214;25.02887154;30.60484886;-1.266313718;valid
2020-72;CASYS_mars-2020_P44_S_3/5;2020;P44;S_3/5;TS1;TS;Winter_Fababean;Winter_Fababean;Spring_Barley;Winter_Mustard;Winter_Wheat;Yes;Yes;D;Yes;No;16529;2;28.92392731;29.56153107;40.81158066;-0.54761139;valid
2020-73;CASYS_mars-2020_P44_S_4/5;2020;P44;S_4/5;TS1;TS;Winter_Fababean;Winter_Fababean;Spring_Barley;Winter_Mustard;Winter_Wheat;Yes;Yes;D;Yes;No;17865;2;30.46739006;34.3815918;48.4527092;0.111824299;valid
2020-74;CASYS_mars-2020_P45_S_4/7;2020;P45;S_4/7;TS1;TS;Bare_Soil;Soybean;Winter_Wheat;Winter_Wheat;Winter_Wheat;Yes;Yes;D;Yes;No;22100;5;27.36408234;26.13741684;37.64665604;-0.968288752;valid
2020-75;CASYS_mars-2020_P45_S_5/7;2020;P45;S_5/7;TS1;TS;Bare_Soil;Soybean;Winter_Wheat;Winter_Wheat;Winter_Wheat;Yes;Yes;D;Yes;No;20802;5;33.61565399;35.60905457;44.81385422;0.287976227;valid
2020-76;CASYS_mars-2020_P45_S_6/7;2020;P45;S_6/7;TS1;TS;Bare_Soil;Soybean;Winter_Wheat;Winter_Wheat;Winter_Wheat;Yes;Yes;D;Yes;No;17943;5;37.26160812;36.94085312;48.1199913;0.766466384;valid
2020-77;CASYS_mars-2020_P45_S_7/7;2020;P45;S_7/7;TS1;TS;Bare_Soil;Soybean;Winter_Wheat;Winter_Wheat;Winter_Wheat;Yes;Yes;D;Yes;No;18315;5;29.02163696;29.21426392;41.64220047;-0.527491114;valid
2020-78;CASYS_mars-2020_P46_S_3/6;2020;P46;S_3/6;TS1;TS;Winter_Barley;Winter_Barley;Winter_Wheat_/_Winter_Fababean;Winter_Wheat;Sunflower;Yes;Yes;D;Yes;No;18072;7;38.80579376;51.74420929;71.93916321;2.554696546;valid
2020-79;CASYS_mars-2020_P46_S_4/6;2020;P46;S_4/6;TS1;TS;Winter_Barley;Winter_Barley;Winter_Wheat_/_Winter_Fababean;Winter_Wheat;Sunflower;Yes;Yes;D;Yes;No;18348;2;26.83330345;31.54086876;41.27663803;-0.589241386;valid
2020-80;CASYS_mars-2020_P46_S_5/6;2020;P46;S_5/6;TS1;TS;Winter_Barley;Winter_Barley;Winter_Wheat_/_Winter_Fababean;Winter_Wheat;Sunflower;Yes;Yes;D;Yes;No;19376;1;34.21741867;43.20559311;58.80787277;1.256467489;valid
2020-81;CASYS_mars-2020_P46_S_6/6;2020;P46;S_6/6;TS1;TS;Winter_Barley;Winter_Barley;Winter_Wheat_/_Winter_Fababean;Winter_Wheat;Sunflower;Yes;Yes;D;Yes;No;27555;1;37.01888275;40.26747131;61.18759155;1.408638537;valid
2020-82;CASYS_mars-2020_P47_S_3/8;2020;P47;S_3/8;TS1;TS;Bare_Soil;Spring_Barley;Winter_Wheat;Spring_Pea;Spring_Barley;Yes;Yes;D;Yes;No;23626;1;46.85555267;63.74143982;97.80730438;4.779637419;valid
2020-83;CASYS_mars-2020_P47_S_4/8;2020;P47;S_4/8;TS1;TS;Bare_Soil;Spring_Barley;Winter_Wheat;Spring_Pea;Spring_Barley;Yes;Yes;D;Yes;No;23269;8;49.65340805;60.9609375;90.05670166;4.563710847;valid
2020-84;CASYS_mars-2020_P47_S_5/8;2020;P47;S_5/8;TS1;TS;Bare_Soil;Spring_Barley;Winter_Wheat;Spring_Pea;Spring_Barley;Yes;Yes;D;Yes;No;19991;8;52.19982147;64.25060272;90.0681839;4.937382771;valid
2020-85;CASYS_mars-2020_P47_S_6/8;2020;P47;S_6/8;TS1;TS;Bare_Soil;Spring_Barley;Winter_Wheat;Spring_Pea;Spring_Barley;Yes;Yes;D;Yes;No;22291;2;41.69543076;47.19294739;70.50691223;2.486903038;valid
2020-86;CASYS_mars-2020_P48_S_2/7;2020;P48;S_2/7;TS1;TS;Winter_Wheat;Winter_Wheat;Soybean;Winter_Wheat;Spring_Barley;Yes;Yes;D;Yes;No;23241;2;25.18001175;30.54006004;45.81677246;-0.602960992;valid
2020-87;CASYS_mars-2020_P48_S_3/7;2020;P48;S_3/7;TS1;TS;Winter_Wheat;Winter_Wheat;Soybean;Winter_Wheat;Soybean;Yes;Yes;D;Yes;No;22354;2;29.3012104;33.31129456;49.43893814;5.84E-04;valid
2020-88;CASYS_mars-2020_P48_S_4/7;2020;P48;S_4/7;TS1;TS;Winter_Wheat;Winter_Wheat;Soybean;Winter_Wheat;Spring_Barley;Yes;Yes;D;Yes;No;25234;1;34.43919754;34.61590576;57.70333862;0.778491478;valid
2020-2;CASYS_mars-2020_P48_S_5/7;2020;P48;S_5/7;TS1;TS;Winter_Wheat;Winter_Wheat;Soybean;Winter_Wheat;Soybean;Yes;Yes;D;Yes;No;23988;2;37.05593872;44.79912949;63.3788681;1.732586872;valid
2020-3;CASYS_mars-2020_P49_S_2/7;2020;P49;S_2/7;TS1;TS;Winter_Wheat;Winter_Wheat;Winter_Mustard;Winter_Wheat;Soybean;Yes;Yes;D;Yes;No;25960;3;32.14863205;32.48403168;37.55920792;-0.261475315;valid
2020-4;CASYS_mars-2020_P49_S_3/7;2020;P49;S_3/7;TS1;TS;Winter_Wheat;Winter_Wheat;Winter_Mustard;Winter_Wheat;Soybean;Yes;Yes;D;Yes;No;41672;3;26.16790009;22.55061722;32.6587677;-1.43680379;valid
2020-5;CASYS_mars-2020_P49_S_4/7;2020;P49;S_4/7;TS1;TS;Winter_Wheat;Winter_Wheat;Winter_Mustard;Winter_Wheat;Soybean;Yes;Yes;D;Yes;No;20035;7;34.47408676;42.28174591;54.97940826;1.085532265;valid
2020-6;CASYS_mars-2020_P49_S_5/7;2020;P49;S_5/7;TS1;TS;Winter_Wheat;Winter_Wheat;Winter_Mustard;Winter_Wheat;Soybean;Yes;Yes;D;Yes;No;23253;7;30.27721596;39.06479263;53.62464142;0.536683146;valid
2020-46;CASYS_mars-2020_P6_S_3/9;2020;P6;S_3/9;SD2;MIX;Winter_Oilseedrape;Winter_Oilseedrape;Spring_Barley_/_Spring_Pea;Winter_Linseed;Spring_Barley;No;Yes;B;Yes;No;19668;3;16.6029129;15.06496811;21.43542671;-2.997906076;valid
2020-47;CASYS_mars-2020_P6_S_4/9;2020;P6;S_4/9;SD2;MIX;Winter_Oilseedrape;Winter_Oilseedrape;Spring_Barley_/_Spring_Pea;Winter_Linseed;Spring_Barley;No;Yes;B;Yes;No;19617;3;21.58412743;24.68429565;37.31677628;-1.509664964;valid
2020-48;CASYS_mars-2020_P6_S_7/9;2020;P6;S_7/9;SD2;MIX;Winter_Oilseedrape;Winter_Oilseedrape;Spring_Barley_/_Spring_Pea;Winter_Linseed;Spring_Barley;No;Yes;B;Yes;No;24304;3;23.89837456;27.82879639;41.87791824;-0.992902768;valid
2020-49;CASYS_mars-2020_P6_S_8/9;2020;P6;S_8/9;SD2;MIX;Winter_Oilseedrape;Winter_Oilseedrape;Spring_Barley_/_Spring_Pea;Winter_Linseed;Spring_Barley;No;Yes;B;Yes;No;30749;3;21.63908768;22.3278389;38.09730911;-1.601017554;valid
2020-50;CASYS_mars-2020_P7_S_2/8;2020;P7;S_2/8;TS2;MIX;Bare_Soil;Spring_Lupin;Sunflower;Spring_Barley;Winter_Barley;Yes;Yes;D;No;No;17281;7;40.07798386;41.35098267;63.85335922;1.804298678;valid
2020-51;CASYS_mars-2020_P7_S_3/8;2020;P7;S_3/8;TS2;MIX;Bare_Soil;Spring_Lupin;Sunflower;Spring_Barley;Winter_Mustard;Yes;Yes;D;No;No;15939;7;24.91708755;22.21752739;31.66682434;-1.589127046;valid
2020-52;CASYS_mars-2020_P7_S_5/8;2020;P7;S_5/8;TS2;MIX;Bare_Soil;Spring_Lupin;Sunflower;Spring_Barley;Winter_Mustard;Yes;Yes;D;No;No;23001;3;29.55788803;22.60577202;24.24849892;-1.480910688;valid
2020-53;CASYS_mars-2020_P7_S_7/8;2020;P7;S_7/8;TS2;MIX;Bare_Soil;Spring_Lupin;Sunflower;Spring_Barley;Winter_Barley;Yes;Yes;D;No;No;16010;3;26.28931046;17.41507721;22.74586678;-2.067006208;valid
2020-54;CASYS_mars-2020_P8_S_3/9;2020;P8;S_3/9;SD2;MIX;Bare_Soil;Spring_Barley_/_Spring_Pea;Winter_Wheat_/_Winter_Fababean;Winter_Mustard;Spring_Barley;No;Yes;B;Yes;No;15317;2;29.57749367;34.92495346;51.18059158;0.172220341;valid
2020-55;CASYS_mars-2020_P8_S_5/9;2020;P8;S_5/9;SD2;MIX;Bare_Soil;Spring_Barley_/_Spring_Pea;Winter_Wheat_/_Winter_Fababean;Winter_Mustard;Winter_Wheat;No;Yes;B;Yes;No;17973;3;23.32077217;22.7025032;33.74020386;-1.61139755;valid
2020-56;CASYS_mars-2020_P8_S_6/9;2020;P8;S_6/9;SD2;MIX;Bare_Soil;Spring_Barley_/_Spring_Pea;Winter_Wheat_/_Winter_Fababean;Winter_Mustard;Spring_Barley;No;Yes;B;Yes;No;19612;3;30.85752678;20.35078812;25.00915337;-1.470240693;valid
2020-57;CASYS_mars-2020_P8_S_7/9;2020;P8;S_7/9;SD2;MIX;Bare_Soil;Spring_Barley_/_Spring_Pea;Winter_Wheat_/_Winter_Fababean;Winter_Mustard;Winter_Wheat;No;Yes;B;Yes;No;20207;2;23.17487144;27.16487503;45.24940872;-0.959443159;valid
2020-58;CASYS_mars-2020_P9_S_2/9;2020;P9;S_2/9;TS1;MIX;Bare_Soil;Spring_Lupin;Maize;Spring_Barley;Sunflower;Yes;Yes;D;Yes;No;21504;2;22.97315788;25.43282318;35.81305313;-1.417220827;valid
2020-59;CASYS_mars-2020_P9_S_4/9;2020;P9;S_4/9;TS1;MIX;Bare_Soil;Spring_Lupin;Maize;Spring_Barley;Sunflower;Yes;Yes;D;Yes;No;21947;2;22.99339104;24.08553696;33.73696136;-1.563984878;valid
2020-61;CASYS_mars-2020_P9_S_9/9;2020;P9;S_9/9;TS1;MIX;Bare_Soil;Spring_Lupin;Maize;Spring_Barley;Sunflower;Yes;Yes;D;Yes;No;18775;3;20.83481216;17.5534668;25.19503593;-2.395549829;valid
2021-61;CASYS_mars-2021_P1_S_2/6;2021;P1;S_2/6;TS1;MIX;Bare_Soil;Spring_Lupin;Maize;Winter_Wheat;Winter_Oilseedrape;Yes;Yes;D;Yes;No;16629;2;25.49051285;18.85499382;20.51083946;-2.136341423;valid
2021-62;CASYS_mars-2021_P1_S_3/6;2021;P1;S_3/6;TS1;MIX;Bare_Soil;Spring_Lupin;Maize;Winter_Wheat;Winter_Oilseedrape;Yes;Yes;D;Yes;No;21423;2;29.50077248;28.98615646;37.0592804;-0.672234239;valid
2021-63;CASYS_mars-2021_P1_S_4/6;2021;P1;S_4/6;TS1;MIX;Bare_Soil;Spring_Lupin;Maize;Winter_Wheat;Winter_Oilseedrape;Yes;Yes;D;Yes;No;19423;2;34.12475967;33.00229645;37.98065567;-0.063786701;valid
2021-1;CASYS_mars-2021_P1_S_6/6;2021;P1;S_6/6;TS1;MIX;Bare_Soil;Spring_Lupin;Maize;Winter_Wheat;Winter_Oilseedrape;Yes;Yes;D;Yes;No;14494;2;34.11076355;32.64878082;42.22719574;0.074099846;valid
2021-18;CASYS_mars-2021_P10_S_1/8;2021;P10;S_1/8;SD1;MIX;Winter_Wheat;Winter_Wheat;Winter_Barley;Winter_Oilseedrape;Winter_Barley;No;No;A;Yes;No;10673;6;26.60034752;24.27424812;34.60169983;-1.239657504;low_depth
2021-19;CASYS_mars-2021_P10_S_3/8;2021;P10;S_3/8;SD1;MIX;Winter_Wheat;Winter_Wheat;Winter_Barley;Winter_Oilseedrape;Winter_Barley;No;No;A;Yes;No;20441;3;21.98937988;16.98521996;18.80698967;-2.572458653;valid
2021-20;CASYS_mars-2021_P10_S_5/8;2021;P10;S_5/8;SD1;MIX;Winter_Wheat;Winter_Wheat;Winter_Barley;Winter_Oilseedrape;Winter_Barley;No;No;A;Yes;No;6501;3;25.8669548;19.9294281;22.83309364;-1.963829389;low_depth
2021-21;CASYS_mars-2021_P10_S_6/8;2021;P10;S_6/8;SD1;MIX;Winter_Wheat;Winter_Wheat;Winter_Barley;Winter_Oilseedrape;Winter_Barley;No;No;A;Yes;No;11984;7;30.15846825;32.18008423;50.19648361;0.035960455;valid
2021-22;CASYS_mars-2021_P11_S_1/7;2021;P11;S_1/7;SD1;MIX;Spring_Barley_/_Spring_Pea;Spring_Barley_/_Spring_Pea;Winter_Wheat_/_Winter_Fababean;Soybean;Winter_Fababean;No;No;A;Yes;No;12438;7;34.22989655;47.49969864;62.1258316;1.607763408;valid
2021-23;CASYS_mars-2021_P11_S_4/7;2021;P11;S_4/7;SD1;MIX;Spring_Barley_/_Spring_Pea;Spring_Barley_/_Spring_Pea;Winter_Wheat_/_Winter_Fababean;Soybean;Winter_Fababean;No;No;A;Yes;No;13044;7;26.14457703;32.32195663;46.56547546;-0.405439047;valid
2021-24;CASYS_mars-2021_P11_S_5/7;2021;P11;S_5/7;SD1;MIX;Spring_Barley_/_Spring_Pea;Spring_Barley_/_Spring_Pea;Winter_Wheat_/_Winter_Fababean;Soybean;Winter_Fababean;No;No;A;Yes;No;33586;7;34.03795624;41.66627502;55.0654335;1.02204726;valid
2021-25;CASYS_mars-2021_P11_S_6/7;2021;P11;S_6/7;SD1;MIX;Spring_Barley_/_Spring_Pea;Spring_Barley_/_Spring_Pea;Winter_Wheat_/_Winter_Fababean;Soybean;Winter_Fababean;No;No;A;Yes;No;13320;1;35.21259308;40.50845718;53.7323494;1.003223076;valid
2021-26;CASYS_mars-2021_P12_S_2/7;2021;P12;S_2/7;TS2;MIX;Winter_Wheat;Winter_Wheat;Winter_Fababean;Winter_Wheat_/_Winter_Pea;Spring_Fababean;Yes;Yes;D;No;No;15019;7;41.54918289;50.16750336;66.36410522;2.478958849;valid
2021-27;CASYS_mars-2021_P12_S_3/7;2021;P12;S_3/7;TS2;MIX;Winter_Wheat;Winter_Wheat;Winter_Fababean;Winter_Wheat_/_Winter_Pea;Spring_Fababean;Yes;Yes;D;No;No;14468;2;33.70868683;40.09207153;51.17554092;0.768584668;valid
2021-28;CASYS_mars-2021_P12_S_4/7;2021;P12;S_4/7;TS2;MIX;Winter_Wheat;Winter_Wheat;Winter_Fababean;Winter_Wheat_/_Winter_Pea;Spring_Fababean;Yes;Yes;D;No;No;12549;1;29.27592468;31.99465752;45.12912369;-0.231061886;valid
2021-29;CASYS_mars-2021_P12_S_5/7;2021;P12;S_5/7;TS2;MIX;Winter_Wheat;Winter_Wheat;Winter_Fababean;Winter_Wheat_/_Winter_Pea;Spring_Fababean;Yes;Yes;D;No;No;15896;7;39.92574692;49.50222397;65.30367279;2.277365606;valid
2021-30;CASYS_mars-2021_P13_S_1/7;2021;P13;S_1/7;SD1;MIX;Winter_Wheat;Winter_Wheat;Winter_Oilseedrape;Spring_Barley_/_Spring_Pea;Winter_Wheat;No;No;A;Yes;No;21352;7;37.4404068;46.21429825;56.2261467;1.57193066;valid
2021-31;CASYS_mars-2021_P13_S_2/7;2021;P13;S_2/7;SD1;MIX;Winter_Wheat;Winter_Wheat;Winter_Oilseedrape;Spring_Barley_/_Spring_Pea;Winter_Wheat;No;No;A;Yes;No;11123;2;30.63530731;28.8850708;44.46033096;-0.313995046;valid
2021-32;CASYS_mars-2021_P13_S_5/7;2021;P13;S_5/7;SD1;MIX;Winter_Wheat;Winter_Wheat;Winter_Oilseedrape;Spring_Barley_/_Spring_Pea;Winter_Wheat;No;No;A;Yes;No;16248;7;28.75388336;38.05133438;44.96168137;0.042215628;valid
2021-33;CASYS_mars-2021_P13_S_6/7;2021;P13;S_6/7;SD1;MIX;Winter_Wheat;Winter_Wheat;Winter_Oilseedrape;Spring_Barley_/_Spring_Pea;Winter_Wheat;No;No;A;Yes;No;13569;2;29.11074638;26.44653702;31.82166481;-1.031555415;valid
2021-34;CASYS_mars-2021_P14_S_2/6;2021;P14;S_2/6;TS2;MIX;Winter_Wheat_/_Winter_Pea;Winter_Wheat_/_Winter_Pea;Winter_Mustard;Spring_Lupin;Winter_Wheat;Yes;Yes;D;No;No;14660;3;24.78042984;30.33161545;34.98192596;-1.047564162;valid
2021-35;CASYS_mars-2021_P14_S_3/6;2021;P14;S_3/6;TS2;MIX;Winter_Wheat_/_Winter_Pea;Winter_Wheat_/_Winter_Pea;Winter_Mustard;Spring_Lupin;Winter_Wheat;Yes;Yes;D;No;No;16502;2;31.1243;31.92507935;38.51337814;-0.335761293;valid
2021-36;CASYS_mars-2021_P14_S_4/6;2021;P14;S_4/6;TS2;MIX;Winter_Wheat_/_Winter_Pea;Winter_Wheat_/_Winter_Pea;Winter_Mustard;Spring_Lupin;Winter_Wheat;Yes;Yes;D;No;No;17947;7;30.09565353;40.40242767;51.95240402;0.531132738;valid
2021-37;CASYS_mars-2021_P14_S_5/6;2021;P14;S_5/6;TS2;MIX;Winter_Wheat_/_Winter_Pea;Winter_Wheat_/_Winter_Pea;Winter_Mustard;Spring_Lupin;Winter_Wheat;Yes;Yes;D;No;No;23185;2;28.27093506;27.63433266;41.08750916;-0.690392613;valid
2021-38;CASYS_mars-2021_P16_S_2/6;2021;P16;S_2/6;SD1;SD;Winter_Oilseedrape;Winter_Oilseedrape;Spring_Barley_/_Spring_Pea;Winter_Linseed;Spring_Barley;No;No;A;Yes;No;22119;3;30.5552597;24.76527977;30.1264801;-1.07039277;valid
2021-39;CASYS_mars-2021_P16_S_3/6;2021;P16;S_3/6;SD1;SD;Winter_Oilseedrape;Winter_Oilseedrape;Spring_Barley_/_Spring_Pea;Winter_Linseed;Spring_Barley;No;No;A;Yes;No;18608;1;35.6476059;33.14266968;45.76163101;0.351715205;valid
2021-40;CASYS_mars-2021_P16_S_4/6;2021;P16;S_4/6;SD1;SD;Winter_Oilseedrape;Winter_Oilseedrape;Spring_Barley_/_Spring_Pea;Winter_Linseed;Spring_Barley;No;No;A;Yes;No;22344;3;28.75119591;24.35053825;33.32082367;-1.114883282;valid
2021-41;CASYS_mars-2021_P16_S_6/6;2021;P16;S_6/6;SD1;SD;Winter_Oilseedrape;Winter_Oilseedrape;Spring_Barley_/_Spring_Pea;Winter_Linseed;Spring_Barley;No;No;A;Yes;No;21163;1;35.21411896;38.08056641;52.52583313;0.83012944;valid
2021-42;CASYS_mars-2021_P17_S_1/6;2021;P17;S_1/6;SD1;SD;Winter_Wheat;Winter_Wheat;Winter_Barley;Winter_Oilseedrape;Winter_Barley;No;No;A;Yes;No;23207;3;26.44153786;23.13142014;31.73491478;-1.418976774;valid
2021-43;CASYS_mars-2021_P17_S_2/6;2021;P17;S_2/6;SD1;SD;Winter_Wheat;Winter_Wheat;Winter_Barley;Winter_Oilseedrape;Winter_Barley;No;No;A;Yes;No;21086;3;23.0542717;18.73923874;22.618433;-2.254837339;valid
2021-44;CASYS_mars-2021_P17_S_3/6;2021;P17;S_3/6;SD1;SD;Winter_Wheat;Winter_Wheat;Winter_Barley;Winter_Oilseedrape;Winter_Barley;No;No;A;Yes;No;17876;3;25.27669525;21.55520439;28.97761726;-1.695873075;valid
2021-45;CASYS_mars-2021_P17_S_6/6;2021;P17;S_6/6;SD1;SD;Winter_Wheat;Winter_Wheat;Winter_Barley;Winter_Oilseedrape;Winter_Barley;No;No;A;Yes;No;19201;3;23.19729614;18.74650955;25.89216232;-2.121703601;valid
2021-46;CASYS_mars-2021_P18_S_2/7;2021;P18;S_2/7;SD1;SD;Winter_Wheat_/_Winter_fababean;Winter_Wheat_/_Winter_Fababean;Soybean;Winter_Wheat;Winter_Wheat;No;No;A;Yes;No;32014;5;25.9823246;28.20646858;34.06893539;-1.099819834;valid
2021-47;CASYS_mars-2021_P18_S_4/7;2021;P18;S_4/7;SD1;SD;Winter_Wheat_/_Winter_fababean;Winter_Wheat_/_Winter_Fababean;Soybean;Winter_Wheat;Winter_Wheat;No;No;A;Yes;No;19440;5;25.65625954;25.91451454;39.98480988;-1.026893454;valid
2021-48;CASYS_mars-2021_P18_S_6/7;2021;P18;S_6/7;SD1;SD;Winter_Wheat_/_Winter_fababean;Winter_Wheat_/_Winter_Fababean;Soybean;Winter_Wheat;Winter_Wheat;No;No;A;Yes;No;21477;3;28.53821182;21.00909996;26.2351017;-1.571382821;valid
2021-49;CASYS_mars-2021_P18_S_7/7;2021;P18;S_7/7;SD1;SD;Winter_Wheat_/_Winter_fababean;Winter_Wheat_/_Winter_Fababean;Soybean;Winter_Wheat;Winter_Wheat;No;No;A;Yes;No;26680;5;30.16370201;32.69610214;45.68448257;-0.103873732;valid
2021-50;CASYS_mars-2021_P19_S_2/7;2021;P19;S_2/7;SD1;SD;Winter_Wheat;Winter_Wheat;Winter_Oilseedrape;Spring_Barley_/_Spring_Pea;Soybean;No;No;A;Yes;No;29441;7;34.12757111;32.43252945;43.28556442;0.103275851;valid
2021-51;CASYS_mars-2021_P19_S_3/7;2021;P19;S_3/7;SD1;SD;Winter_Wheat;Winter_Wheat;Winter_Oilseedrape;Spring_Barley_/_Spring_Pea;Soybean;No;No;A;Yes;No;31456;7;28.77690125;28.16507912;34.95448303;-0.850457196;valid
2021-52;CASYS_mars-2021_P19_S_4/7;2021;P19;S_4/7;SD1;SD;Winter_Wheat;Winter_Wheat;Winter_Oilseedrape;Spring_Barley_/_Spring_Pea;Soybean;No;No;A;Yes;No;32492;7;31.47402954;35.85947418;45.81163788;0.17069217;valid
2021-53;CASYS_mars-2021_P19_S_7/7;2021;P19;S_7/7;SD1;SD;Winter_Wheat;Winter_Wheat;Winter_Oilseedrape;Spring_Barley_/_Spring_Pea;Soybean;No;No;A;Yes;No;29767;7;35.43756485;38.52494812;49.46493912;0.757462497;valid
2021-54;CASYS_mars-2021_P20_S_3/6;2021;P20;S_3/6;SD1;SD;Bare_Soil;Soybean;Winter_Wheat;Winter_Barley;Soybean;No;No;A;Yes;No;24163;7;31.66583443;35.00674438;48.96922684;0.257844164;valid
2021-55;CASYS_mars-2021_P20_S_4/6;2021;P20;S_4/6;SD1;SD;Bare_Soil;Soybean;Winter_Wheat;Winter_Barley;Soybean;No;No;A;Yes;No;23088;7;31.15576935;35.96332169;51.08974457;0.347264424;valid
2021-56;CASYS_mars-2021_P20_S_5/6;2021;P20;S_5/6;SD1;SD;Bare_Soil;Soybean;Winter_Wheat;Winter_Barley;Soybean;No;No;A;Yes;No;24013;7;27.50270462;30.06919861;41.08026886;-0.621991554;valid
2021-57;CASYS_mars-2021_P20_S_6/6;2021;P20;S_6/6;SD1;SD;Bare_Soil;Soybean;Winter_Wheat;Winter_Barley;Soybean;No;No;A;Yes;No;11541;7;36.40821457;39.06391525;54.72986221;1.057413851;valid
2021-58;CASYS_mars-2021_P21_S_2/6;2021;P21;S_2/6;SD1;SD;Spring_Barley_/_Spring_Pea;Spring_Barley_/_Spring_Pea;Winter_Wheat_/_Winter_Fababean;Soybean;Spring_Barley;No;No;A;Yes;No;21362;6;30.28026009;26.3157444;38.38027191;-0.703431435;valid
2021-59;CASYS_mars-2021_P21_S_3/6;2021;P21;S_3/6;SD1;SD;Spring_Barley_/_Spring_Pea;Spring_Barley_/_Spring_Pea;Winter_Wheat_/_Winter_Fababean;Soybean;Spring_Barley;No;No;A;Yes;No;21982;2;30.25409317;31.07646561;49.32415771;-0.047319137;valid
2021-60;CASYS_mars-2021_P21_S_4/6;2021;P21;S_4/6;SD1;SD;Spring_Barley_/_Spring_Pea;Spring_Barley_/_Spring_Pea;Winter_Wheat_/_Winter_Fababean;Soybean;Spring_Barley;No;No;A;Yes;No;13832;2;28.43782425;28.11338615;39.79287338;-0.70006774;valid
2021-109;CASYS_mars-2021_P21_S_5/6;2021;P21;S_5/6;SD1;SD;Spring_Barley_/_Spring_Pea;Spring_Barley_/_Spring_Pea;Winter_Wheat_/_Winter_Fababean;Soybean;Spring_Barley;No;No;A;Yes;No;16822;2;35.21374893;38.24030304;57.55575943;1.025316761;valid
2021-110;CASYS_mars-2021_P22_S_3/6;2021;P22;S_3/6;SD2;SD;Winter_Wheat;Winter_Wheat;Winter_Barley;Winter_Oilseedrape;Winter_Wheat;No;Yes;B;Yes;No;18571;2;37.70401001;43.60313416;61.91536331;1.665698015;valid
2021-111;CASYS_mars-2021_P22_S_4/6;2021;P22;S_4/6;SD2;SD;Winter_Wheat;Winter_Wheat;Winter_Barley;Winter_Oilseedrape;Winter_Wheat;No;Yes;B;Yes;No;14775;2;40.80486679;51.35557556;70.48448944;2.63655103;valid
2021-112;CASYS_mars-2021_P22_S_5/6;2021;P22;S_5/6;SD2;SD;Winter_Wheat;Winter_Wheat;Winter_Barley;Winter_Oilseedrape;Winter_Wheat;No;Yes;B;Yes;No;12778;7;25.01616859;33.87634277;50.01407242;-0.283470974;valid
2021-113;CASYS_mars-2021_P22_S_6/6;2021;P22;S_6/6;SD2;SD;Winter_Wheat;Winter_Wheat;Winter_Barley;Winter_Oilseedrape;Winter_Wheat;No;Yes;B;Yes;No;17212;2;34.75524521;42.03908157;49.75218582;0.900604111;valid
2021-114;CASYS_mars-2021_P23_S_1/5;2021;P23;S_1/5;SD2;SD;Spring_Barley_/_Spring_Pea;Spring_Barley_/_Spring_Pea;Winter_Wheat_/_Winter_Fababean;Soybean;Winter_Wheat;No;Yes;B;Yes;No;21371;7;37.48980331;44.70716095;58.2224617;1.570207619;valid
2021-115;CASYS_mars-2021_P23_S_3/5;2021;P23;S_3/5;SD2;SD;Spring_Barley_/_Spring_Pea;Spring_Barley_/_Spring_Pea;Winter_Wheat_/_Winter_Fababean;Soybean;Winter_Wheat;No;Yes;B;Yes;No;20791;7;40.64994049;51.54655838;72.27022552;2.700836297;valid
2021-116;CASYS_mars-2021_P23_S_4/5;2021;P23;S_4/5;SD2;SD;Spring_Barley_/_Spring_Pea;Spring_Barley_/_Spring_Pea;Winter_Wheat_/_Winter_Fababean;Soybean;Winter_Wheat;No;Yes;B;Yes;No;13226;7;42.7458725;52.02490997;70.09320068;2.809303689;valid
2021-117;CASYS_mars-2021_P23_S_5/5;2021;P23;S_5/5;SD2;SD;Spring_Barley_/_Spring_Pea;Spring_Barley_/_Spring_Pea;Winter_Wheat_/_Winter_Fababean;Soybean;Winter_Wheat;No;Yes;B;Yes;No;11838;2;35.26184082;36.27852249;52.82532501;0.74967223;valid
2021-118;CASYS_mars-2021_P24_S_1/6;2021;P24;S_1/6;SD2;SD;Bare_Soil;Winter_Barley;Winter_Oilseedrape;Spring_Barley_/_Spring_Pea;Winter_Wheat;No;Yes;B;Yes;No;18309;7;34.09690475;40.95318604;51.33763504;0.850525928;valid
2021-119;CASYS_mars-2021_P24_S_2/6;2021;P24;S_2/6;SD2;SD;Bare_Soil;Winter_Barley;Winter_Oilseedrape;Spring_Barley_/_Spring_Pea;Winter_Wheat;No;Yes;B;Yes;No;20929;7;41.78979111;55.02865601;73.50037384;3.019875971;valid
2021-120;CASYS_mars-2021_P24_S_4/6;2021;P24;S_4/6;SD2;SD;Bare_Soil;Winter_Barley;Winter_Oilseedrape;Spring_Barley_/_Spring_Pea;Winter_Wheat;No;Yes;B;Yes;No;15907;7;30.48516273;39.19688416;52.31773376;0.511413866;valid
2021-121;CASYS_mars-2021_P24_S_6/6;2021;P24;S_6/6;SD2;SD;Bare_Soil;Winter_Barley;Winter_Oilseedrape;Spring_Barley_/_Spring_Pea;Winter_Wheat;No;Yes;B;Yes;No;20456;7;38.03642654;50.24336243;69.27328491;2.31612628;valid
2021-122;CASYS_mars-2021_P25_S_3/7;2021;P25;S_3/7;SD2;SD;Bare_Soil;Alfalfa;Soybean;Winter_Wheat;Winter_Wheat;No;Yes;B;Yes;No;15522;7;35.36741638;40.19919968;55.81165314;1.076187996;valid
2021-123;CASYS_mars-2021_P25_S_4/7;2021;P25;S_4/7;SD2;SD;Bare_Soil;Alfalfa;Soybean;Winter_Wheat;Winter_Wheat;No;Yes;B;Yes;No;16088;5;22.3349247;15.90906525;13.47082806;-2.800477876;valid
2021-124;CASYS_mars-2021_P25_S_6/7;2021;P25;S_6/7;SD2;SD;Bare_Soil;Alfalfa;Soybean;Winter_Wheat;Winter_Wheat;No;Yes;B;Yes;No;16096;5;24.68734741;24.81898117;29.39203453;-1.553976201;valid
2021-125;CASYS_mars-2021_P25_S_7/7;2021;P25;S_7/7;SD2;SD;Bare_Soil;Alfalfa;Soybean;Winter_Wheat;Winter_Wheat;No;Yes;B;Yes;No;23086;7;61.37896347;74.83243561;93.73986053;6.351650586;valid
2021-126;CASYS_mars-2021_P26_S_2/5;2021;P26;S_2/5;SD2;SD;Bare_Soil;Alfalfa;Millet;Winter_Barley;Winter_Wheat;No;Yes;B;Yes;No;14135;2;29.59803391;28.9182415;39.90336609;-0.562611241;valid
2021-127;CASYS_mars-2021_P26_S_3/5;2021;P26;S_3/5;SD2;SD;Bare_Soil;Alfalfa;Millet;Winter_Barley;Winter_Wheat;No;Yes;B;Yes;No;16853;7;34.7252655;47.46476746;65.77185059;1.780058915;valid
2021-128;CASYS_mars-2021_P26_S_4/5;2021;P26;S_4/5;SD2;SD;Bare_Soil;Alfalfa;Millet;Winter_Barley;Winter_Wheat;No;Yes;B;Yes;No;16632;2;28.3361702;25.36258316;33.35450745;-1.092579473;valid
2021-129;CASYS_mars-2021_P26_S_5/5;2021;P26;S_5/5;SD2;SD;Bare_Soil;Alfalfa;Millet;Winter_Barley;Winter_Wheat;No;Yes;B;Yes;No;16957;2;27.61285019;26.44705772;37.14890289;-0.950928152;valid
2021-130;CASYS_mars-2021_P27_S_1/7;2021;P27;S_1/7;SD2;SD;Winter_Oilseedrape;Winter_Oilseedrape;Spring_Barley_/_Spring_Pea;Winter_Wheat_/_Winter_Fababean;Winter_Wheat;No;Yes;B;Yes;No;17966;7;34.93305969;43.72417831;62.12804794;1.463175886;valid
2021-131;CASYS_mars-2021_P27_S_2/7;2021;P27;S_2/7;SD2;SD;Winter_Oilseedrape;Winter_Oilseedrape;Spring_Barley_/_Spring_Pea;Winter_Wheat_/_Winter_Fababean;Winter_Wheat;No;Yes;B;Yes;No;15692;2;26.28034592;23.50452042;32.20371246;-1.39444903;valid
2021-132;CASYS_mars-2021_P27_S_4/7;2021;P27;S_4/7;SD2;SD;Winter_Oilseedrape;Winter_Oilseedrape;Spring_Barley_/_Spring_Pea;Winter_Wheat_/_Winter_Fababean;Winter_Wheat;No;Yes;B;Yes;No;12333;2;28.40479469;27.86361694;37.73934174;-0.792113055;valid
2021-133;CASYS_mars-2021_P27_S_6/7;2021;P27;S_6/7;SD2;SD;Winter_Oilseedrape;Winter_Oilseedrape;Spring_Barley_/_Spring_Pea;Winter_Wheat_/_Winter_Fababean;Winter_Wheat;No;Yes;B;Yes;No;17324;1;27.16226768;35.25706482;46.44413757;-0.175071388;valid
2021-134;CASYS_mars-2021_P28_S_3/10;2021;P28;S_3/10;TS2;TS;Winter_Wheat;Winter_Wheat;Soybean;Winter_Wheat_/_Winter_Pea;Winter_Oilseedrape;Yes;Yes;D;No;No;17845;7;35.27245712;42.48793411;55.95804977;1.195246926;valid
2021-135;CASYS_mars-2021_P28_S_4/10;2021;P28;S_4/10;TS2;TS;Winter_Wheat;Winter_Wheat;Soybean;Winter_Wheat_/_Winter_Pea;Winter_Oilseedrape;Yes;Yes;D;No;No;13682;7;52.2969017;63.13597488;72.91835785;4.249230205;valid
2021-136;CASYS_mars-2021_P28_S_5/10;2021;P28;S_5/10;TS2;TS;Winter_Wheat;Winter_Wheat;Soybean;Winter_Wheat_/_Winter_Pea;Winter_Oilseedrape;Yes;Yes;D;No;No;14572;7;51.19502258;61.01482773;72.14298248;4.022030041;valid
2021-137;CASYS_mars-2021_P28_S_6/10;2021;P28;S_6/10;TS2;TS;Winter_Wheat;Winter_Wheat;Soybean;Winter_Wheat_/_Winter_Pea;Winter_Oilseedrape;Yes;Yes;D;No;No;18851;1;43.39596176;52.89743805;69.29784393;2.876788168;valid
2021-138;CASYS_mars-2021_P29_S_1/7;2021;P29;S_1/7;TS2;TS;Winter_Fababean;Winter_Fababean;Winter_Wheat_/_Winter_Pea;Winter_Oilseedrape;Winter_Barley;Yes;Yes;D;No;No;23761;7;52.07125473;65.1702652;75.45048523;4.43319053;valid
2021-139;CASYS_mars-2021_P29_S_2/7;2021;P29;S_2/7;TS2;TS;Winter_Fababean;Winter_Fababean;Winter_Wheat_/_Winter_Pea;Winter_Oilseedrape;Winter_Barley;Yes;Yes;D;No;No;17937;1;35.49913788;41.29926682;54.88022995;1.110093638;valid
2021-140;CASYS_mars-2021_P29_S_4/7;2021;P29;S_4/7;TS2;TS;Winter_Fababean;Winter_Fababean;Winter_Wheat_/_Winter_Pea;Winter_Oilseedrape;Winter_Barley;Yes;Yes;D;No;No;14174;7;38.24475861;45.5808754;58.99778366;1.704281736;valid
2021-141;CASYS_mars-2021_P29_S_5/7;2021;P29;S_5/7;TS2;TS;Winter_Fababean;Winter_Fababean;Winter_Wheat_/_Winter_Pea;Winter_Oilseedrape;Winter_Barley;Yes;Yes;D;No;No;21232;3;27.32024384;22.05771828;25.1987648;-1.649704542;valid
2021-142;CASYS_mars-2021_P30_S_2/6;2021;P30;S_2/6;SD1;MIX;Winter_Oilseedrape;Winter_Oilseedrape;Spring_Barley_/_Spring_Pea;Winter_Wheat_/_Winter_Fababean;Winter_Wheat;No;No;A;Yes;No;14222;7;48.83739853;49.5485878;65.07707214;2.968723442;valid
2021-143;CASYS_mars-2021_P30_S_3/6;2021;P30;S_3/6;SD1;MIX;Winter_Oilseedrape;Winter_Oilseedrape;Spring_Barley_/_Spring_Pea;Winter_Wheat_/_Winter_Fababean;Winter_Wheat;No;No;A;Yes;No;13350;3;36.25416565;38.31503296;43.60243988;0.592575165;valid
2021-144;CASYS_mars-2021_P30_S_4/6;2021;P30;S_4/6;SD1;MIX;Winter_Oilseedrape;Winter_Oilseedrape;Spring_Barley_/_Spring_Pea;Winter_Wheat_/_Winter_Fababean;Winter_Wheat;No;No;A;Yes;No;16073;1;39.22565842;32.53931427;42.17079544;0.466446513;valid
2021-145;CASYS_mars-2021_P30_S_5/6;2021;P30;S_5/6;SD1;MIX;Winter_Oilseedrape;Winter_Oilseedrape;Spring_Barley_/_Spring_Pea;Winter_Wheat_/_Winter_Fababean;Winter_Wheat;No;No;A;Yes;No;15803;1;31.72906494;32.49445724;44.34664917;-0.041727772;valid
2021-146;CASYS_mars-2021_P31_S_1/7;2021;P31;S_1/7;TS1;MIX;Winter_Wheat;Winter_Wheat;Winter_Mustard;Spring_Lupin;Spring_Barley;Yes;Yes;D;Yes;No;23228;3;22.44462204;18.19041824;27.36690712;-2.155251941;valid
2021-147;CASYS_mars-2021_P31_S_2/7;2021;P31;S_2/7;TS1;MIX;Winter_Wheat;Winter_Wheat;Winter_Mustard;Spring_Lupin;Spring_Barley;Yes;Yes;D;Yes;No;16997;3;23.43868637;19.28284264;23.27307129;-2.171698323;valid
2021-148;CASYS_mars-2021_P31_S_4/7;2021;P31;S_4/7;TS1;MIX;Winter_Wheat;Winter_Wheat;Winter_Mustard;Spring_Lupin;Spring_Barley;Yes;Yes;D;Yes;No;14930;3;21.52295303;18.06248283;21.26202393;-2.460819578;valid
2021-149;CASYS_mars-2021_P31_S_6/7;2021;P31;S_6/7;TS1;MIX;Winter_Wheat;Winter_Wheat;Winter_Mustard;Spring_Lupin;Spring_Barley;Yes;Yes;D;Yes;No;17648;3;21.28235245;17.62153053;23.09143257;-2.43504021;valid
2021-150;CASYS_mars-2021_P32_S_1/6;2021;P32;S_1/6;SD2;MIX;Winter_Wheat;Winter_Wheat;Winter_Barley;Winter_Oilseedrape;Winter_Barley;No;Yes;B;Yes;No;21132;2;35.75452042;38.53396988;49.63495255;0.789053647;valid
2021-151;CASYS_mars-2021_P32_S_2/6;2021;P32;S_2/6;SD2;MIX;Winter_Wheat;Winter_Wheat;Winter_Barley;Winter_Oilseedrape;Winter_Barley;No;Yes;B;Yes;No;17590;2;36.2758255;33.78181458;54.62225342;0.763683512;valid
2021-152;CASYS_mars-2021_P32_S_3/6;2021;P32;S_3/6;SD2;MIX;Winter_Wheat;Winter_Wheat;Winter_Barley;Winter_Oilseedrape;Winter_Barley;No;Yes;B;Yes;No;18809;7;35.47964478;35.74013138;41.09947205;0.302842901;valid
2021-153;CASYS_mars-2021_P32_S_4/6;2021;P32;S_4/6;SD2;MIX;Winter_Wheat;Winter_Wheat;Winter_Barley;Winter_Oilseedrape;Winter_Barley;No;Yes;B;Yes;No;20925;2;32.96232986;26.93515968;33.39754868;-0.645818091;valid
2021-154;CASYS_mars-2021_P33_S_2/6;2021;P33;S_2/6;TS1;MIX;Bare_Soil;Sorghum;Winter_Wheat;Soybean;Winter_Wheat;Yes;Yes;D;Yes;No;21285;2;29.12561989;41.20984268;54.10970306;0.57803774;valid
2021-155;CASYS_mars-2021_P33_S_3/6;2021;P33;S_3/6;TS1;MIX;Bare_Soil;Sorghum;Winter_Wheat;Soybean;Winter_Wheat;Yes;Yes;D;Yes;No;19006;2;30.54327774;46.47262573;65.20194244;1.37918965;valid
2021-156;CASYS_mars-2021_P33_S_4/6;2021;P33;S_4/6;TS1;MIX;Bare_Soil;Sorghum;Winter_Wheat;Soybean;Winter_Wheat;Yes;Yes;D;Yes;No;13156;2;23.13487053;25.41486549;40.43363571;-1.233948737;valid
2021-157;CASYS_mars-2021_P33_S_5/6;2021;P33;S_5/6;TS1;MIX;Bare_Soil;Sorghum;Winter_Wheat;Soybean;Winter_Wheat;Yes;Yes;D;Yes;No;29872;2;22.66707802;23.50545311;31.40492058;-1.706791128;valid
2021-158;CASYS_mars-2021_P34_S_1/4;2021;P34;S_1/4;TS2;MIX;Spring_Lupin;Spring_Lupin;Millet;Winter_Wheat;Sunflower;Yes;Yes;D;No;No;30451;6;25.59155083;25.80328369;36.74324417;-1.158203408;valid
2021-159;CASYS_mars-2021_P34_S_2/4;2021;P34;S_2/4;TS2;MIX;Spring_Lupin;Spring_Lupin;Millet;Winter_Wheat;Sunflower;Yes;Yes;D;No;No;21655;5;38.80677795;47.11414719;68.22689056;2.172043555;valid
2021-160;CASYS_mars-2021_P34_S_3/4;2021;P34;S_3/4;TS2;MIX;Spring_Lupin;Spring_Lupin;Millet;Winter_Wheat;Sunflower;Yes;Yes;D;No;No;24756;2;26.66508675;30.5266819;38.3198967;-0.765832976;valid
2021-161;CASYS_mars-2021_P34_S_4/4;2021;P34;S_4/4;TS2;MIX;Spring_Lupin;Spring_Lupin;Millet;Winter_Wheat;Sunflower;Yes;Yes;D;No;No;23383;5;39.45975113;41.9164772;48.38216019;1.211367158;valid
2021-162;CASYS_mars-2021_P37_S_3/10;2021;P37;S_3/10;SD2;MIX;Spring_Barley_/_Spring_Pea;Spring_Barley_/_Spring_Pea;Winter_Wheat_/_Winter_Fababean;Soybean;Spring_Pea;No;Yes;B;Yes;No;17714;2;38.98884201;32.24332047;37.0148468;0.240813663;valid
2021-163;CASYS_mars-2021_P37_S_4/10;2021;P37;S_4/10;SD2;MIX;Spring_Barley_/_Spring_Pea;Spring_Barley_/_Spring_Pea;Winter_Wheat_/_Winter_Fababean;Soybean;Spring_Pea;No;Yes;B;Yes;No;18561;2;42.41016388;40.88479614;49.75284576;1.438559973;valid
2021-164;CASYS_mars-2021_P37_S_6/10;2021;P37;S_6/10;SD2;MIX;Spring_Barley_/_Spring_Pea;Spring_Barley_/_Spring_Pea;Winter_Wheat_/_Winter_Fababean;Soybean;Spring_Pea;No;Yes;B;Yes;No;14245;2;41.58791351;32.95064163;41.02745438;0.630590207;valid
2021-165;CASYS_mars-2021_P37_S_7/10;2021;P37;S_7/10;SD2;MIX;Spring_Barley_/_Spring_Pea;Spring_Barley_/_Spring_Pea;Winter_Wheat_/_Winter_Fababean;Soybean;Spring_Pea;No;Yes;B;Yes;No;38122;2;37.38601303;27.71624565;37.14509583;-0.11920974;valid
2021-166;CASYS_mars-2021_P38_S_4/11;2021;P38;S_4/11;TS2;TS;Winter_Wheat_/_Winter_fababean;Winter_Wheat_/_Winter_Fababean;Spring_chickpea;Winter_Wheat;Soybean;Yes;Yes;D;No;No;28164;2;33.25239944;25.41822052;25.40917015;-0.999971899;valid
2021-167;CASYS_mars-2021_P38_S_5/11;2021;P38;S_5/11;TS2;TS;Winter_Wheat_/_Winter_fababean;Winter_Wheat_/_Winter_Fababean;Spring_chickpea;Winter_Wheat;Soybean;Yes;Yes;D;No;No;23278;2;30.47856522;24.10016251;25.79000092;-1.272591734;valid
2021-168;CASYS_mars-2021_P38_S_7/11;2021;P38;S_7/11;TS2;TS;Winter_Wheat_/_Winter_fababean;Winter_Wheat_/_Winter_Fababean;Spring_chickpea;Winter_Wheat;Soybean;Yes;Yes;D;No;No;24008;2;29.21422577;22.02156258;27.08502007;-1.433377324;valid
2021-64;CASYS_mars-2021_P38_S_8/11;2021;P38;S_8/11;TS2;TS;Winter_Wheat_/_Winter_fababean;Winter_Wheat_/_Winter_Fababean;Spring_chickpea;Winter_Wheat;Soybean;Yes;Yes;D;No;No;22283;2;31.20078659;27.42755508;34.96733475;-0.699324004;valid
2021-65;CASYS_mars-2021_P39_S_5/9;2021;P39;S_5/9;TS2;TS;Winter_Wheat_/_Winter_Pea;Winter_Wheat_/_Winter_Pea;Winter_Oilseedrape;Winter_Fababean;Winter_Wheat;Yes;Yes;D;No;No;21635;2;29.25809097;30.84654617;38.96244431;-0.52215883;valid
2021-66;CASYS_mars-2021_P39_S_6/9;2021;P39;S_6/9;TS2;TS;Winter_Wheat_/_Winter_Pea;Winter_Wheat_/_Winter_Pea;Winter_Oilseedrape;Winter_Fababean;Winter_Wheat;Yes;Yes;D;No;No;18732;2;28.60657692;33.57165909;43.23918915;-0.270203602;valid
2021-67;CASYS_mars-2021_P39_S_7/9;2021;P39;S_7/9;TS2;TS;Winter_Wheat_/_Winter_Pea;Winter_Wheat_/_Winter_Pea;Winter_Oilseedrape;Winter_Fababean;Winter_Wheat;Yes;Yes;D;No;No;22922;2;28.20000648;24.44899368;29.06915474;-1.310675336;valid
2021-68;CASYS_mars-2021_P39_S_8/9;2021;P39;S_8/9;TS2;TS;Winter_Wheat_/_Winter_Pea;Winter_Wheat_/_Winter_Pea;Winter_Oilseedrape;Winter_Fababean;Winter_Wheat;Yes;Yes;D;No;No;16784;2;32.19332123;34.17389297;41.20654678;-0.033169655;valid
2021-69;CASYS_mars-2021_P40_S_4/8;2021;P40;S_4/8;TS2;TS;Bare_Soil;Soybean;Winter_Wheat;Soybean;Winter_Wheat;Yes;Yes;D;No;No;23041;3;21.54273033;17.92028809;24.59273338;-2.343119327;valid
2021-70;CASYS_mars-2021_P40_S_5/8;2021;P40;S_5/8;TS2;TS;Bare_Soil;Soybean;Winter_Wheat;Soybean;Winter_Wheat;Yes;Yes;D;No;No;28785;3;26.82535553;20.36508369;25.89103508;-1.752248818;valid
2021-71;CASYS_mars-2021_P40_S_6/8;2021;P40;S_6/8;TS2;TS;Bare_Soil;Soybean;Winter_Wheat;Soybean;Winter_Wheat;Yes;Yes;D;No;No;20309;2;27.23273468;19.55216789;26.22763634;-1.750869661;valid
2021-72;CASYS_mars-2021_P40_S_7/8;2021;P40;S_7/8;TS2;TS;Bare_Soil;Soybean;Winter_Wheat;Soybean;Winter_Wheat;Yes;Yes;D;No;No;21802;2;27.13938141;19.75190163;22.61333656;-1.881813871;valid
2021-73;CASYS_mars-2021_P41_S_2/5;2021;P41;S_2/5;TS2;TS;Bare_Soil;Soybean;Winter_Wheat_/_Winter_Pea;Winter_Mustard;Winter_Wheat;Yes;Yes;D;No;No;20003;2;28.91122246;31.21051788;34.53362274;-0.694497656;valid
2021-74;CASYS_mars-2021_P41_S_3/5;2021;P41;S_3/5;TS2;TS;Bare_Soil;Soybean;Winter_Wheat_/_Winter_Pea;Winter_Mustard;Winter_Wheat;Yes;Yes;D;No;No;24970;2;31.03715897;32.72729874;38.90886688;-0.285464733;valid
2021-75;CASYS_mars-2021_P41_S_4/5;2021;P41;S_4/5;TS2;TS;Bare_Soil;Soybean;Winter_Wheat_/_Winter_Pea;Winter_Mustard;Winter_Wheat;Yes;Yes;D;No;No;22258;2;31.79307747;29.24896812;35.51263046;-0.536394525;valid
2021-76;CASYS_mars-2021_P41_S_5/5;2021;P41;S_5/5;TS2;TS;Bare_Soil;Soybean;Winter_Wheat_/_Winter_Pea;Winter_Mustard;Winter_Wheat;Yes;Yes;D;No;No;18644;2;29.65073967;31.40696526;39.57697678;-0.438975327;valid
2021-77;CASYS_mars-2021_P42_S_1/5;2021;P42;S_1/5;TS2;TS;Winter_Oilseedrape;Winter_Oilseedrape;Winter_Wheat_/_Winter_Fababean;Spring_chickpea;Winter_Wheat;Yes;Yes;D;No;No;21716;2;33.22610474;28.68588829;33.20974731;-0.539553766;valid
2021-78;CASYS_mars-2021_P42_S_2/5;2021;P42;S_2/5;TS2;TS;Winter_Oilseedrape;Winter_Oilseedrape;Winter_Wheat_/_Winter_Fababean;Spring_chickpea;Winter_Wheat;Yes;Yes;D;No;No;29016;2;32.00551224;35.64281464;45.20317841;0.178227447;valid
2021-79;CASYS_mars-2021_P42_S_3/5;2021;P42;S_3/5;TS2;TS;Winter_Oilseedrape;Winter_Oilseedrape;Winter_Wheat_/_Winter_Fababean;Spring_chickpea;Winter_Wheat;Yes;Yes;D;No;No;24742;2;30.83190346;26.77986145;30.66023064;-0.922373879;valid
2021-80;CASYS_mars-2021_P42_S_5/5;2021;P42;S_5/5;TS2;TS;Winter_Oilseedrape;Winter_Oilseedrape;Winter_Wheat_/_Winter_Fababean;Spring_chickpea;Winter_Wheat;Yes;Yes;D;No;No;3501;2;29.0366993;33.02456284;39.93836594;-0.388047633;low_depth
2021-84;CASYS_mars-2021_P43_S_ajout;2021;P43;S_ajout;TS1;TS;Winter_Barley;Winter_Barley;Winter_Oilseedrape;Winter_Fababean;Winter_Wheat;Yes;Yes;D;Yes;No;16980;2;23.65908432;25.97381783;41.407341;-1.127211547;valid
2021-81;CASYS_mars-2021_P43_S_1/3;2021;P43;S_1/3;TS1;TS;Winter_Barley;Winter_Barley;Winter_Oilseedrape;Winter_Fababean;Winter_Wheat;Yes;Yes;D;Yes;No;16242;3;23.13999367;25.56168556;37.6783905;-1.32808821;valid
2021-82;CASYS_mars-2021_P43_S_2/3;2021;P43;S_2/3;TS1;TS;Winter_Barley;Winter_Barley;Winter_Oilseedrape;Winter_Fababean;Winter_Wheat;Yes;Yes;D;Yes;No;28008;2;21.40096092;22.27490425;32.89751816;-1.815525219;valid
2021-83;CASYS_mars-2021_P43_S_3/3;2021;P43;S_3/3;TS1;TS;Winter_Barley;Winter_Barley;Winter_Oilseedrape;Winter_Fababean;Winter_Wheat;Yes;Yes;D;Yes;No;23350;2;23.23399734;22.71593475;33.87021255;-1.612649715;valid
2021-85;CASYS_mars-2021_P44_S_1/5;2021;P44;S_1/5;TS1;TS;Winter_Oilseedrape;Winter_Oilseedrape;Winter_Fababean;Spring_Barley;Winter_Mustard;Yes;Yes;D;Yes;No;29190;2;25.67567825;28.92201614;39.58776093;-0.881047201;valid
2021-86;CASYS_mars-2021_P44_S_2/5;2021;P44;S_2/5;TS1;TS;Winter_Oilseedrape;Winter_Oilseedrape;Winter_Fababean;Spring_Barley;Winter_Mustard;Yes;Yes;D;Yes;No;19784;3;27.64624214;25.02887154;30.60484886;-1.266313718;valid
2021-87;CASYS_mars-2021_P44_S_3/5;2021;P44;S_3/5;TS1;TS;Winter_Oilseedrape;Winter_Oilseedrape;Winter_Fababean;Spring_Barley;Winter_Mustard;Yes;Yes;D;Yes;No;15599;2;28.92392731;29.56153107;40.81158066;-0.54761139;valid
2021-88;CASYS_mars-2021_P44_S_4/5;2021;P44;S_4/5;TS1;TS;Winter_Oilseedrape;Winter_Oilseedrape;Winter_Fababean;Spring_Barley;Winter_Mustard;Yes;Yes;D;Yes;No;23027;2;30.46739006;34.3815918;48.4527092;0.111824299;valid
2021-89;CASYS_mars-2021_P45_S_4/7;2021;P45;S_4/7;TS1;TS;Winter_Wheat;Winter_Wheat;Soybean;Winter_Wheat;Winter_Wheat;Yes;Yes;D;Yes;No;19231;5;27.36408234;26.13741684;37.64665604;-0.968288752;valid
2021-90;CASYS_mars-2021_P45_S_5/7;2021;P45;S_5/7;TS1;TS;Winter_Wheat;Winter_Wheat;Soybean;Winter_Wheat;Winter_Wheat;Yes;Yes;D;Yes;No;21161;5;33.61565399;35.60905457;44.81385422;0.287976227;valid
2021-91;CASYS_mars-2021_P45_S_6/7;2021;P45;S_6/7;TS1;TS;Winter_Wheat;Winter_Wheat;Soybean;Winter_Wheat;Winter_Wheat;Yes;Yes;D;Yes;No;16287;5;37.26160812;36.94085312;48.1199913;0.766466384;valid
2021-92;CASYS_mars-2021_P45_S_7/7;2021;P45;S_7/7;TS1;TS;Winter_Wheat;Winter_Wheat;Soybean;Winter_Wheat;Winter_Wheat;Yes;Yes;D;Yes;No;13205;5;29.02163696;29.21426392;41.64220047;-0.527491114;valid
2021-93;CASYS_mars-2021_P46_S_3/6;2021;P46;S_3/6;TS1;TS;Bare_Soil;Soybean;Winter_Barley;Winter_Wheat_/_Winter_Fababean;Winter_Wheat;Yes;Yes;D;Yes;No;11555;7;38.80579376;51.74420929;71.93916321;2.554696546;valid
2021-94;CASYS_mars-2021_P46_S_4/6;2021;P46;S_4/6;TS1;TS;Bare_Soil;Soybean;Winter_Barley;Winter_Wheat_/_Winter_Fababean;Winter_Wheat;Yes;Yes;D;Yes;No;24893;2;26.83330345;31.54086876;41.27663803;-0.589241386;valid
2021-95;CASYS_mars-2021_P46_S_5/6;2021;P46;S_5/6;TS1;TS;Bare_Soil;Soybean;Winter_Barley;Winter_Wheat_/_Winter_Fababean;Winter_Wheat;Yes;Yes;D;Yes;No;15174;1;34.21741867;43.20559311;58.80787277;1.256467489;valid
2021-96;CASYS_mars-2021_P46_S_6/6;2021;P46;S_6/6;TS1;TS;Bare_Soil;Soybean;Winter_Barley;Winter_Wheat_/_Winter_Fababean;Winter_Wheat;Yes;Yes;D;Yes;No;35305;1;37.01888275;40.26747131;61.18759155;1.408638537;valid
2021-97;CASYS_mars-2021_P47_S_3/8;2021;P47;S_3/8;TS1;TS;Winter_Fababean;Winter_Fababean;Spring_Barley;Winter_Wheat;Spring_Pea;Yes;Yes;D;Yes;No;23252;1;46.85555267;63.74143982;97.80730438;4.779637419;valid
2021-98;CASYS_mars-2021_P47_S_4/8;2021;P47;S_4/8;TS1;TS;Winter_Fababean;Winter_Fababean;Spring_Barley;Winter_Wheat;Spring_Pea;Yes;Yes;D;Yes;No;26691;8;49.65340805;60.9609375;90.05670166;4.563710847;valid
2021-99;CASYS_mars-2021_P47_S_5/8;2021;P47;S_5/8;TS1;TS;Winter_Fababean;Winter_Fababean;Spring_Barley;Winter_Wheat;Spring_Pea;Yes;Yes;D;Yes;No;18166;8;52.19982147;64.25060272;90.0681839;4.937382771;valid
2021-100;CASYS_mars-2021_P47_S_6/8;2021;P47;S_6/8;TS1;TS;Winter_Fababean;Winter_Fababean;Spring_Barley;Winter_Wheat;Spring_Pea;Yes;Yes;D;Yes;No;14540;2;41.69543076;47.19294739;70.50691223;2.486903038;valid
2021-101;CASYS_mars-2021_P48_S_2/7;2021;P48;S_2/7;TS1;TS;Spring_Barley;Spring_Barley;Winter_Wheat;Soybean;Winter_Wheat;Yes;Yes;D;Yes;No;24229;2;25.18001175;30.54006004;45.81677246;-0.602960992;valid
2021-102;CASYS_mars-2021_P48_S_3/7;2021;P48;S_3/7;TS1;TS;Spring_Barley;Spring_Barley;Winter_Wheat;Soybean;Winter_Wheat;Yes;Yes;D;Yes;No;17961;2;29.3012104;33.31129456;49.43893814;5.84E-04;valid
2021-103;CASYS_mars-2021_P48_S_4/7;2021;P48;S_4/7;TS1;TS;Spring_Barley;Spring_Barley;Winter_Wheat;Soybean;Winter_Wheat;Yes;Yes;D;Yes;No;17763;1;34.43919754;34.61590576;57.70333862;0.778491478;valid
2021-104;CASYS_mars-2021_P48_S_5/7;2021;P48;S_5/7;TS1;TS;Spring_Barley;Spring_Barley;Winter_Wheat;Soybean;Winter_Wheat;Yes;Yes;D;Yes;No;17640;2;37.05593872;44.79912949;63.3788681;1.732586872;valid
2021-105;CASYS_mars-2021_P49_S_2/7;2021;P49;S_2/7;TS1;TS;Bare_Soil;Soybean;Winter_Wheat;Winter_Mustard;Winter_Wheat;Yes;Yes;D;Yes;No;19423;3;32.14863205;32.48403168;37.55920792;-0.261475315;valid
2021-106;CASYS_mars-2021_P49_S_3/7;2021;P49;S_3/7;TS1;TS;Bare_Soil;Soybean;Winter_Wheat;Winter_Mustard;Winter_Wheat;Yes;Yes;D;Yes;No;18156;3;26.16790009;22.55061722;32.6587677;-1.43680379;valid
2021-107;CASYS_mars-2021_P49_S_4/7;2021;P49;S_4/7;TS1;TS;Bare_Soil;Soybean;Winter_Wheat;Winter_Mustard;Winter_Wheat;Yes;Yes;D;Yes;No;18013;7;34.47408676;42.28174591;54.97940826;1.085532265;valid
2021-108;CASYS_mars-2021_P49_S_5/7;2021;P49;S_5/7;TS1;TS;Bare_Soil;Soybean;Winter_Wheat;Winter_Mustard;Winter_Wheat;Yes;Yes;D;Yes;No;15075;7;30.27721596;39.06479263;53.62464142;0.536683146;valid
2021-2;CASYS_mars-2021_P6_S_3/9;2021;P6;S_3/9;SD2;MIX;Bare_Soil;Alfalfa;Winter_Oilseedrape;Spring_Barley_/_Spring_Pea;Winter_Linseed;No;Yes;B;Yes;No;20959;3;16.6029129;15.06496811;21.43542671;-2.997906076;valid
2021-3;CASYS_mars-2021_P6_S_4/9;2021;P6;S_4/9;SD2;MIX;Bare_Soil;Alfalfa;Winter_Oilseedrape;Spring_Barley_/_Spring_Pea;Winter_Linseed;No;Yes;B;Yes;No;21128;3;21.58412743;24.68429565;37.31677628;-1.509664964;valid
2021-4;CASYS_mars-2021_P6_S_7/9;2021;P6;S_7/9;SD2;MIX;Bare_Soil;Alfalfa;Winter_Oilseedrape;Spring_Barley_/_Spring_Pea;Winter_Linseed;No;Yes;B;Yes;No;19525;3;23.89837456;27.82879639;41.87791824;-0.992902768;valid
2021-5;CASYS_mars-2021_P6_S_8/9;2021;P6;S_8/9;SD2;MIX;Bare_Soil;Alfalfa;Winter_Oilseedrape;Spring_Barley_/_Spring_Pea;Winter_Linseed;No;Yes;B;Yes;No;20051;3;21.63908768;22.3278389;38.09730911;-1.601017554;valid
2021-6;CASYS_mars-2021_P7_S_2/8;2021;P7;S_2/8;TS2;MIX;Winter_Mustard;Winter_Mustard;Spring_Lupin;Sunflower;Spring_Barley;Yes;Yes;D;No;No;18717;7;40.07798386;41.35098267;63.85335922;1.804298678;valid
2021-7;CASYS_mars-2021_P7_S_3/8;2021;P7;S_3/8;TS2;MIX;Winter_Mustard;Winter_Mustard;Spring_Lupin;Sunflower;Spring_Barley;Yes;Yes;D;No;No;18363;7;24.91708755;22.21752739;31.66682434;-1.589127046;valid
2021-9;CASYS_mars-2021_P7_S_7/8;2021;P7;S_7/8;TS2;MIX;Winter_Mustard;Winter_Mustard;Spring_Lupin;Sunflower;Spring_Barley;Yes;Yes;D;No;No;16815;3;26.28931046;17.41507721;22.74586678;-2.067006208;valid
2021-10;CASYS_mars-2021_P8_S_3/9;2021;P8;S_3/9;SD2;MIX;Winter_Oilseedrape;Winter_Oilseedrape;Spring_Barley_/_Spring_Pea;Winter_Wheat_/_Winter_Fababean;Winter_Mustard;No;Yes;B;Yes;No;16775;2;29.57749367;34.92495346;51.18059158;0.172220341;valid
2021-11;CASYS_mars-2021_P8_S_5/9;2021;P8;S_5/9;SD2;MIX;Winter_Oilseedrape;Winter_Oilseedrape;Spring_Barley_/_Spring_Pea;Winter_Wheat_/_Winter_Fababean;Winter_Mustard;No;Yes;B;Yes;No;17901;3;23.32077217;22.7025032;33.74020386;-1.61139755;valid
2021-12;CASYS_mars-2021_P8_S_6/9;2021;P8;S_6/9;SD2;MIX;Winter_Oilseedrape;Winter_Oilseedrape;Spring_Barley_/_Spring_Pea;Winter_Wheat_/_Winter_Fababean;Winter_Mustard;No;Yes;B;Yes;No;10846;3;30.85752678;20.35078812;25.00915337;-1.470240693;low_depth
2021-13;CASYS_mars-2021_P8_S_7/9;2021;P8;S_7/9;SD2;MIX;Winter_Oilseedrape;Winter_Oilseedrape;Spring_Barley_/_Spring_Pea;Winter_Wheat_/_Winter_Fababean;Winter_Mustard;No;Yes;B;Yes;No;16234;2;23.17487144;27.16487503;45.24940872;-0.959443159;valid
2021-14;CASYS_mars-2021_P9_S_2/9;2021;P9;S_2/9;TS1;MIX;Winter_Mustard;Winter_Mustard;Spring_Lupin;Maize;Spring_Barley;Yes;Yes;D;Yes;No;17081;2;22.97315788;25.43282318;35.81305313;-1.417220827;valid
2021-15;CASYS_mars-2021_P9_S_4/9;2021;P9;S_4/9;TS1;MIX;Winter_Mustard;Winter_Mustard;Spring_Lupin;Maize;Spring_Barley;Yes;Yes;D;Yes;No;16433;2;22.99339104;24.08553696;33.73696136;-1.563984878;valid
2021-16;CASYS_mars-2021_P9_S_5/9;2021;P9;S_5/9;TS1;MIX;Winter_Mustard;Winter_Mustard;Spring_Lupin;Maize;Spring_Barley;Yes;Yes;D;Yes;No;16929;2;21.68287277;22.72440529;34.41260147;-1.713434612;valid
2021-17;CASYS_mars-2021_P9_S_9/9;2021;P9;S_9/9;TS1;MIX;Winter_Mustard;Winter_Mustard;Spring_Lupin;Maize;Spring_Barley;Yes;Yes;D;Yes;No;21524;3;20.83481216;17.5534668;25.19503593;-2.395549829;valid
